date,home_team,away_team,home_goals,away_goals,result,season
2018-08-10 00:00:00+00:00,Manchester United FC,Leicester City FC,2,1,H,1819
2018-08-11 00:00:00+00:00,AFC Bournemouth,Cardiff,2,0,H,1819
2018-08-11 00:00:00+00:00,Fulham FC,Crystal Palace FC,0,2,A,1819
2018-08-11 00:00:00+00:00,Huddersfield,Chelsea FC,0,3,A,1819
2018-08-11 00:00:00+00:00,Newcastle United FC,Tottenham Hotspur FC,1,2,A,1819
2018-08-11 00:00:00+00:00,Watford FC,Brighton & Hove Albion FC,2,0,H,1819
2018-08-11 00:00:00+00:00,Wolverhampton Wanderers FC,Everton FC,2,2,D,1819
2018-08-12 00:00:00+00:00,Arsenal FC,Manchester City FC,0,2,A,1819
2018-08-12 00:00:00+00:00,Liverpool FC,West Ham United FC,4,0,H,1819
2018-08-12 00:00:00+00:00,Southampton FC,Burnley FC,0,0,D,1819
2018-08-18 00:00:00+00:00,West Ham United FC,AFC Bournemouth,1,2,A,1819
2018-08-18 00:00:00+00:00,Tottenham Hotspur FC,Fulham FC,3,1,H,1819
2018-08-18 00:00:00+00:00,Leicester City FC,Wolverhampton Wanderers FC,2,0,H,1819
2018-08-18 00:00:00+00:00,Chelsea FC,Arsenal FC,3,2,H,1819
2018-08-18 00:00:00+00:00,Cardiff,Newcastle United FC,0,0,D,1819
2018-08-18 00:00:00+00:00,Everton FC,Southampton FC,2,1,H,1819
2018-08-19 00:00:00+00:00,Brighton & Hove Albion FC,Manchester United FC,3,2,H,1819
2018-08-19 00:00:00+00:00,Burnley FC,Watford FC,1,3,A,1819
2018-08-19 00:00:00+00:00,Manchester City FC,Huddersfield,6,1,H,1819
2018-08-20 00:00:00+00:00,Crystal Palace FC,Liverpool FC,0,2,A,1819
2018-08-25 00:00:00+00:00,Southampton FC,Leicester City FC,1,2,A,1819
2018-08-25 00:00:00+00:00,Wolverhampton Wanderers FC,Manchester City FC,1,1,D,1819
2018-08-25 00:00:00+00:00,Liverpool FC,Brighton & Hove Albion FC,1,0,H,1819
2018-08-25 00:00:00+00:00,AFC Bournemouth,Everton FC,2,2,D,1819
2018-08-25 00:00:00+00:00,Arsenal FC,West Ham United FC,3,1,H,1819
2018-08-25 00:00:00+00:00,Huddersfield,Cardiff,0,0,D,1819
2018-08-26 00:00:00+00:00,Fulham FC,Burnley FC,4,2,H,1819
2018-08-26 00:00:00+00:00,Newcastle United FC,Chelsea FC,1,2,A,1819
2018-08-26 00:00:00+00:00,Watford FC,Crystal Palace FC,2,1,H,1819
2018-08-27 00:00:00+00:00,Manchester United FC,Tottenham Hotspur FC,0,3,A,1819
2018-09-01 00:00:00+00:00,Everton FC,Huddersfield,1,1,D,1819
2018-09-01 00:00:00+00:00,Brighton & Hove Albion FC,Fulham FC,2,2,D,1819
2018-09-01 00:00:00+00:00,Chelsea FC,AFC Bournemouth,2,0,H,1819
2018-09-01 00:00:00+00:00,Crystal Palace FC,Southampton FC,0,2,A,1819
2018-09-01 00:00:00+00:00,Leicester City FC,Liverpool FC,1,2,A,1819
2018-09-01 00:00:00+00:00,Manchester City FC,Newcastle United FC,2,1,H,1819
2018-09-01 00:00:00+00:00,West Ham United FC,Wolverhampton Wanderers FC,0,1,A,1819
2018-09-02 00:00:00+00:00,Burnley FC,Manchester United FC,0,2,A,1819
2018-09-02 00:00:00+00:00,Cardiff,Arsenal FC,2,3,A,1819
2018-09-02 00:00:00+00:00,Watford FC,Tottenham Hotspur FC,2,1,H,1819
2018-09-15 00:00:00+00:00,Newcastle United FC,Arsenal FC,1,2,A,1819
2018-09-15 00:00:00+00:00,Tottenham Hotspur FC,Liverpool FC,1,2,A,1819
2018-09-15 00:00:00+00:00,Manchester City FC,Fulham FC,3,0,H,1819
2018-09-15 00:00:00+00:00,Watford FC,Manchester United FC,1,2,A,1819
2018-09-15 00:00:00+00:00,Chelsea FC,Cardiff,4,1,H,1819
2018-09-15 00:00:00+00:00,AFC Bournemouth,Leicester City FC,4,2,H,1819
2018-09-15 00:00:00+00:00,Huddersfield,Crystal Palace FC,0,1,A,1819
2018-09-16 00:00:00+00:00,Everton FC,West Ham United FC,1,3,A,1819
2018-09-16 00:00:00+00:00,Wolverhampton Wanderers FC,Burnley FC,1,0,H,1819
2018-09-17 00:00:00+00:00,Southampton FC,Brighton & Hove Albion FC,2,2,D,1819
2018-09-22 00:00:00+00:00,Manchester United FC,Wolverhampton Wanderers FC,1,1,D,1819
2018-09-22 00:00:00+00:00,Liverpool FC,Southampton FC,3,0,H,1819
2018-09-22 00:00:00+00:00,Fulham FC,Watford FC,1,1,D,1819
2018-09-22 00:00:00+00:00,Leicester City FC,Huddersfield,3,1,H,1819
2018-09-22 00:00:00+00:00,Cardiff,Manchester City FC,0,5,A,1819
2018-09-22 00:00:00+00:00,Burnley FC,AFC Bournemouth,4,0,H,1819
2018-09-22 00:00:00+00:00,Brighton & Hove Albion FC,Tottenham Hotspur FC,1,2,A,1819
2018-09-22 00:00:00+00:00,Crystal Palace FC,Newcastle United FC,0,0,D,1819
2018-09-23 00:00:00+00:00,Arsenal FC,Everton FC,2,0,H,1819
2018-09-23 00:00:00+00:00,West Ham United FC,Chelsea FC,0,0,D,1819
2018-09-29 00:00:00+00:00,West Ham United FC,Manchester United FC,3,1,H,1819
2018-09-29 00:00:00+00:00,Arsenal FC,Watford FC,2,0,H,1819
2018-09-29 00:00:00+00:00,Chelsea FC,Liverpool FC,1,1,D,1819
2018-09-29 00:00:00+00:00,Everton FC,Fulham FC,3,0,H,1819
2018-09-29 00:00:00+00:00,Huddersfield,Tottenham Hotspur FC,0,2,A,1819
2018-09-29 00:00:00+00:00,Manchester City FC,Brighton & Hove Albion FC,2,0,H,1819
2018-09-29 00:00:00+00:00,Newcastle United FC,Leicester City FC,0,2,A,1819
2018-09-29 00:00:00+00:00,Wolverhampton Wanderers FC,Southampton FC,2,0,H,1819
2018-09-30 00:00:00+00:00,Cardiff,Burnley FC,1,2,A,1819
2018-10-01 00:00:00+00:00,AFC Bournemouth,Crystal Palace FC,2,1,H,1819
2018-10-05 00:00:00+00:00,Brighton & Hove Albion FC,West Ham United FC,1,0,H,1819
2018-10-06 00:00:00+00:00,Burnley FC,Huddersfield,1,1,D,1819
2018-10-06 00:00:00+00:00,Crystal Palace FC,Wolverhampton Wanderers FC,0,1,A,1819
2018-10-06 00:00:00+00:00,Leicester City FC,Everton FC,1,2,A,1819
2018-10-06 00:00:00+00:00,Manchester United FC,Newcastle United FC,3,2,H,1819
2018-10-06 00:00:00+00:00,Tottenham Hotspur FC,Cardiff,1,0,H,1819
2018-10-06 00:00:00+00:00,Watford FC,AFC Bournemouth,0,4,A,1819
2018-10-07 00:00:00+00:00,Fulham FC,Arsenal FC,1,5,A,1819
2018-10-07 00:00:00+00:00,Liverpool FC,Manchester City FC,0,0,D,1819
2018-10-07 00:00:00+00:00,Southampton FC,Chelsea FC,0,3,A,1819
2018-10-20 00:00:00+00:00,Wolverhampton Wanderers FC,Watford FC,0,2,A,1819
2018-10-20 00:00:00+00:00,West Ham United FC,Tottenham Hotspur FC,0,1,A,1819
2018-10-20 00:00:00+00:00,Newcastle United FC,Brighton & Hove Albion FC,0,1,A,1819
2018-10-20 00:00:00+00:00,Manchester City FC,Burnley FC,5,0,H,1819
2018-10-20 00:00:00+00:00,AFC Bournemouth,Southampton FC,0,0,D,1819
2018-10-20 00:00:00+00:00,Chelsea FC,Manchester United FC,2,2,D,1819
2018-10-20 00:00:00+00:00,Cardiff,Fulham FC,4,2,H,1819
2018-10-20 00:00:00+00:00,Huddersfield,Liverpool FC,0,1,A,1819
2018-10-21 00:00:00+00:00,Everton FC,Crystal Palace FC,2,0,H,1819
2018-10-22 00:00:00+00:00,Arsenal FC,Leicester City FC,3,1,H,1819
2018-10-27 00:00:00+00:00,Southampton FC,Newcastle United FC,0,0,D,1819
2018-10-27 00:00:00+00:00,Watford FC,Huddersfield,3,0,H,1819
2018-10-27 00:00:00+00:00,Liverpool FC,Cardiff,4,1,H,1819
2018-10-27 00:00:00+00:00,Fulham FC,AFC Bournemouth,0,3,A,1819
2018-10-27 00:00:00+00:00,Leicester City FC,West Ham United FC,1,1,D,1819
2018-10-27 00:00:00+00:00,Brighton & Hove Albion FC,Wolverhampton Wanderers FC,1,0,H,1819
2018-10-28 00:00:00+00:00,Burnley FC,Chelsea FC,0,4,A,1819
2018-10-28 00:00:00+00:00,Crystal Palace FC,Arsenal FC,2,2,D,1819
2018-10-28 00:00:00+00:00,Manchester United FC,Everton FC,2,1,H,1819
2018-10-29 00:00:00+00:00,Tottenham Hotspur FC,Manchester City FC,0,1,A,1819
2018-11-03 00:00:00+00:00,Wolverhampton Wanderers FC,Tottenham Hotspur FC,2,3,A,1819
2018-11-03 00:00:00+00:00,Newcastle United FC,Watford FC,1,0,H,1819
2018-11-03 00:00:00+00:00,Everton FC,Brighton & Hove Albion FC,3,1,H,1819
2018-11-03 00:00:00+00:00,West Ham United FC,Burnley FC,4,2,H,1819
2018-11-03 00:00:00+00:00,AFC Bournemouth,Manchester United FC,1,2,A,1819
2018-11-03 00:00:00+00:00,Arsenal FC,Liverpool FC,1,1,D,1819
2018-11-03 00:00:00+00:00,Cardiff,Leicester City FC,0,1,A,1819
2018-11-04 00:00:00+00:00,Chelsea FC,Crystal Palace FC,3,1,H,1819
2018-11-04 00:00:00+00:00,Manchester City FC,Southampton FC,6,1,H,1819
2018-11-05 00:00:00+00:00,Huddersfield,Fulham FC,1,0,H,1819
2018-11-10 00:00:00+00:00,Cardiff,Brighton & Hove Albion FC,2,1,H,1819
2018-11-10 00:00:00+00:00,Crystal Palace FC,Tottenham Hotspur FC,0,1,A,1819
2018-11-10 00:00:00+00:00,Huddersfield,West Ham United FC,1,1,D,1819
2018-11-10 00:00:00+00:00,Leicester City FC,Burnley FC,0,0,D,1819
2018-11-10 00:00:00+00:00,Newcastle United FC,AFC Bournemouth,2,1,H,1819
2018-11-10 00:00:00+00:00,Southampton FC,Watford FC,1,1,D,1819
2018-11-11 00:00:00+00:00,Manchester City FC,Manchester United FC,3,1,H,1819
2018-11-11 00:00:00+00:00,Liverpool FC,Fulham FC,2,0,H,1819
2018-11-11 00:00:00+00:00,Arsenal FC,Wolverhampton Wanderers FC,1,1,D,1819
2018-11-11 00:00:00+00:00,Chelsea FC,Everton FC,0,0,D,1819
2018-11-24 00:00:00+00:00,Brighton & Hove Albion FC,Leicester City FC,1,1,D,1819
2018-11-24 00:00:00+00:00,Everton FC,Cardiff,1,0,H,1819
2018-11-24 00:00:00+00:00,Fulham FC,Southampton FC,3,2,H,1819
2018-11-24 00:00:00+00:00,Manchester United FC,Crystal Palace FC,0,0,D,1819
2018-11-24 00:00:00+00:00,Tottenham Hotspur FC,Chelsea FC,3,1,H,1819
2018-11-24 00:00:00+00:00,Watford FC,Liverpool FC,0,3,A,1819
2018-11-24 00:00:00+00:00,West Ham United FC,Manchester City FC,0,4,A,1819
2018-11-25 00:00:00+00:00,Wolverhampton Wanderers FC,Huddersfield,0,2,A,1819
2018-11-25 00:00:00+00:00,AFC Bournemouth,Arsenal FC,1,2,A,1819
2018-11-26 00:00:00+00:00,Burnley FC,Newcastle United FC,1,2,A,1819
2018-11-30 00:00:00+00:00,Cardiff,Wolverhampton Wanderers FC,2,1,H,1819
2018-12-01 00:00:00+00:00,Crystal Palace FC,Burnley FC,2,0,H,1819
2018-12-01 00:00:00+00:00,Huddersfield,Brighton & Hove Albion FC,1,2,A,1819
2018-12-01 00:00:00+00:00,Leicester City FC,Watford FC,2,0,H,1819
2018-12-01 00:00:00+00:00,Manchester City FC,AFC Bournemouth,3,1,H,1819
2018-12-01 00:00:00+00:00,Newcastle United FC,West Ham United FC,0,3,A,1819
2018-12-01 00:00:00+00:00,Southampton FC,Manchester United FC,2,2,D,1819
2018-12-02 00:00:00+00:00,Liverpool FC,Everton FC,1,0,H,1819
2018-12-02 00:00:00+00:00,Chelsea FC,Fulham FC,2,0,H,1819
2018-12-02 00:00:00+00:00,Arsenal FC,Tottenham Hotspur FC,4,2,H,1819
2018-12-04 00:00:00+00:00,AFC Bournemouth,Huddersfield,2,1,H,1819
2018-12-04 00:00:00+00:00,Brighton & Hove Albion FC,Crystal Palace FC,3,1,H,1819
2018-12-04 00:00:00+00:00,Watford FC,Manchester City FC,1,2,A,1819
2018-12-04 00:00:00+00:00,West Ham United FC,Cardiff,3,1,H,1819
2018-12-05 00:00:00+00:00,Burnley FC,Liverpool FC,1,3,A,1819
2018-12-05 00:00:00+00:00,Everton FC,Newcastle United FC,1,1,D,1819
2018-12-05 00:00:00+00:00,Fulham FC,Leicester City FC,1,1,D,1819
2018-12-05 00:00:00+00:00,Manchester United FC,Arsenal FC,2,2,D,1819
2018-12-05 00:00:00+00:00,Tottenham Hotspur FC,Southampton FC,3,1,H,1819
2018-12-05 00:00:00+00:00,Wolverhampton Wanderers FC,Chelsea FC,2,1,H,1819
2018-12-08 00:00:00+00:00,West Ham United FC,Crystal Palace FC,3,2,H,1819
2018-12-08 00:00:00+00:00,Manchester United FC,Fulham FC,4,1,H,1819
2018-12-08 00:00:00+00:00,Leicester City FC,Tottenham Hotspur FC,0,2,A,1819
2018-12-08 00:00:00+00:00,Chelsea FC,Manchester City FC,2,0,H,1819
2018-12-08 00:00:00+00:00,AFC Bournemouth,Liverpool FC,0,4,A,1819
2018-12-08 00:00:00+00:00,Burnley FC,Brighton & Hove Albion FC,1,0,H,1819
2018-12-08 00:00:00+00:00,Arsenal FC,Huddersfield,1,0,H,1819
2018-12-08 00:00:00+00:00,Cardiff,Southampton FC,1,0,H,1819
2018-12-09 00:00:00+00:00,Newcastle United FC,Wolverhampton Wanderers FC,1,2,A,1819
2018-12-10 00:00:00+00:00,Everton FC,Watford FC,2,2,D,1819
2018-12-15 00:00:00+00:00,Watford FC,Cardiff,3,2,H,1819
2018-12-15 00:00:00+00:00,Wolverhampton Wanderers FC,AFC Bournemouth,2,0,H,1819
2018-12-15 00:00:00+00:00,Tottenham Hotspur FC,Burnley FC,1,0,H,1819
2018-12-15 00:00:00+00:00,Crystal Palace FC,Leicester City FC,1,0,H,1819
2018-12-15 00:00:00+00:00,Huddersfield,Newcastle United FC,0,1,A,1819
2018-12-15 00:00:00+00:00,Fulham FC,West Ham United FC,0,2,A,1819
2018-12-15 00:00:00+00:00,Manchester City FC,Everton FC,3,1,H,1819
2018-12-16 00:00:00+00:00,Brighton & Hove Albion FC,Chelsea FC,1,2,A,1819
2018-12-16 00:00:00+00:00,Liverpool FC,Manchester United FC,3,1,H,1819
2018-12-16 00:00:00+00:00,Southampton FC,Arsenal FC,3,2,H,1819
2018-12-21 00:00:00+00:00,Wolverhampton Wanderers FC,Liverpool FC,0,2,A,1819
2018-12-22 00:00:00+00:00,West Ham United FC,Watford FC,0,2,A,1819
2018-12-22 00:00:00+00:00,Newcastle United FC,Fulham FC,0,0,D,1819
2018-12-22 00:00:00+00:00,Manchester City FC,Crystal Palace FC,2,3,A,1819
2018-12-22 00:00:00+00:00,Huddersfield,Southampton FC,1,3,A,1819
2018-12-22 00:00:00+00:00,AFC Bournemouth,Brighton & Hove Albion FC,2,0,H,1819
2018-12-22 00:00:00+00:00,Cardiff,Manchester United FC,1,5,A,1819
2018-12-22 00:00:00+00:00,Arsenal FC,Burnley FC,3,1,H,1819
2018-12-22 00:00:00+00:00,Chelsea FC,Leicester City FC,0,1,A,1819
2018-12-23 00:00:00+00:00,Everton FC,Tottenham Hotspur FC,2,6,A,1819
2018-12-26 00:00:00+00:00,Tottenham Hotspur FC,AFC Bournemouth,5,0,H,1819
2018-12-26 00:00:00+00:00,Liverpool FC,Newcastle United FC,4,0,H,1819
2018-12-26 00:00:00+00:00,Watford FC,Chelsea FC,1,2,A,1819
2018-12-26 00:00:00+00:00,Leicester City FC,Manchester City FC,2,1,H,1819
2018-12-26 00:00:00+00:00,Manchester United FC,Huddersfield,3,1,H,1819
2018-12-26 00:00:00+00:00,Crystal Palace FC,Cardiff,0,0,D,1819
2018-12-26 00:00:00+00:00,Fulham FC,Wolverhampton Wanderers FC,1,1,D,1819
2018-12-26 00:00:00+00:00,Burnley FC,Everton FC,1,5,A,1819
2018-12-26 00:00:00+00:00,Brighton & Hove Albion FC,Arsenal FC,1,1,D,1819
2018-12-27 00:00:00+00:00,Southampton FC,West Ham United FC,1,2,A,1819
2018-12-29 00:00:00+00:00,Watford FC,Newcastle United FC,1,1,D,1819
2018-12-29 00:00:00+00:00,Liverpool FC,Arsenal FC,5,1,H,1819
2018-12-29 00:00:00+00:00,Tottenham Hotspur FC,Wolverhampton Wanderers FC,1,3,A,1819
2018-12-29 00:00:00+00:00,Fulham FC,Huddersfield,1,0,H,1819
2018-12-29 00:00:00+00:00,Brighton & Hove Albion FC,Everton FC,1,0,H,1819
2018-12-29 00:00:00+00:00,Leicester City FC,Cardiff,0,1,A,1819
2018-12-30 00:00:00+00:00,Burnley FC,West Ham United FC,2,0,H,1819
2018-12-30 00:00:00+00:00,Crystal Palace FC,Chelsea FC,0,1,A,1819
2018-12-30 00:00:00+00:00,Manchester United FC,AFC Bournemouth,4,1,H,1819
2018-12-30 00:00:00+00:00,Southampton FC,Manchester City FC,1,3,A,1819
2019-01-01 00:00:00+00:00,Arsenal FC,Fulham FC,4,1,H,1819
2019-01-01 00:00:00+00:00,Cardiff,Tottenham Hotspur FC,0,3,A,1819
2019-01-01 00:00:00+00:00,Everton FC,Leicester City FC,0,1,A,1819
2019-01-02 00:00:00+00:00,West Ham United FC,Brighton & Hove Albion FC,2,2,D,1819
2019-01-02 00:00:00+00:00,Newcastle United FC,Manchester United FC,0,2,A,1819
2019-01-02 00:00:00+00:00,Wolverhampton Wanderers FC,Crystal Palace FC,0,2,A,1819
2019-01-02 00:00:00+00:00,Chelsea FC,Southampton FC,0,0,D,1819
2019-01-02 00:00:00+00:00,AFC Bournemouth,Watford FC,3,3,D,1819
2019-01-02 00:00:00+00:00,Huddersfield,Burnley FC,1,2,A,1819
2019-01-03 00:00:00+00:00,Manchester City FC,Liverpool FC,2,1,H,1819
2019-01-12 00:00:00+00:00,Brighton & Hove Albion FC,Liverpool FC,0,1,A,1819
2019-01-12 00:00:00+00:00,Burnley FC,Fulham FC,2,1,H,1819
2019-01-12 00:00:00+00:00,Cardiff,Huddersfield,0,0,D,1819
2019-01-12 00:00:00+00:00,Chelsea FC,Newcastle United FC,2,1,H,1819
2019-01-12 00:00:00+00:00,Crystal Palace FC,Watford FC,1,2,A,1819
2019-01-12 00:00:00+00:00,Leicester City FC,Southampton FC,1,2,A,1819
2019-01-12 00:00:00+00:00,West Ham United FC,Arsenal FC,1,0,H,1819
2019-01-13 00:00:00+00:00,Tottenham Hotspur FC,Manchester United FC,0,1,A,1819
2019-01-13 00:00:00+00:00,Everton FC,AFC Bournemouth,2,0,H,1819
2019-01-14 00:00:00+00:00,Manchester City FC,Wolverhampton Wanderers FC,3,0,H,1819
2019-01-19 00:00:00+00:00,Arsenal FC,Chelsea FC,2,0,H,1819
2019-01-19 00:00:00+00:00,AFC Bournemouth,West Ham United FC,2,0,H,1819
2019-01-19 00:00:00+00:00,Liverpool FC,Crystal Palace FC,4,3,H,1819
2019-01-19 00:00:00+00:00,Manchester United FC,Brighton & Hove Albion FC,2,1,H,1819
2019-01-19 00:00:00+00:00,Newcastle United FC,Cardiff,3,0,H,1819
2019-01-19 00:00:00+00:00,Southampton FC,Everton FC,2,1,H,1819
2019-01-19 00:00:00+00:00,Watford FC,Burnley FC,0,0,D,1819
2019-01-19 00:00:00+00:00,Wolverhampton Wanderers FC,Leicester City FC,4,3,H,1819
2019-01-20 00:00:00+00:00,Fulham FC,Tottenham Hotspur FC,1,2,A,1819
2019-01-20 00:00:00+00:00,Huddersfield,Manchester City FC,0,3,A,1819
2019-01-29 00:00:00+00:00,Wolverhampton Wanderers FC,West Ham United FC,3,0,H,1819
2019-01-29 00:00:00+00:00,Newcastle United FC,Manchester City FC,2,1,H,1819
2019-01-29 00:00:00+00:00,Manchester United FC,Burnley FC,2,2,D,1819
2019-01-29 00:00:00+00:00,Fulham FC,Brighton & Hove Albion FC,4,2,H,1819
2019-01-29 00:00:00+00:00,Arsenal FC,Cardiff,2,1,H,1819
2019-01-29 00:00:00+00:00,Huddersfield,Everton FC,0,1,A,1819
2019-01-30 00:00:00+00:00,AFC Bournemouth,Chelsea FC,4,0,H,1819
2019-01-30 00:00:00+00:00,Liverpool FC,Leicester City FC,1,1,D,1819
2019-01-30 00:00:00+00:00,Southampton FC,Crystal Palace FC,1,1,D,1819
2019-01-30 00:00:00+00:00,Tottenham Hotspur FC,Watford FC,2,1,H,1819
2019-02-02 00:00:00+00:00,Chelsea FC,Huddersfield,5,0,H,1819
2019-02-02 00:00:00+00:00,Tottenham Hotspur FC,Newcastle United FC,1,0,H,1819
2019-02-02 00:00:00+00:00,Everton FC,Wolverhampton Wanderers FC,1,3,A,1819
2019-02-02 00:00:00+00:00,Crystal Palace FC,Fulham FC,2,0,H,1819
2019-02-02 00:00:00+00:00,Burnley FC,Southampton FC,1,1,D,1819
2019-02-02 00:00:00+00:00,Brighton & Hove Albion FC,Watford FC,0,0,D,1819
2019-02-02 00:00:00+00:00,Cardiff,AFC Bournemouth,2,0,H,1819
2019-02-03 00:00:00+00:00,Leicester City FC,Manchester United FC,0,1,A,1819
2019-02-03 00:00:00+00:00,Manchester City FC,Arsenal FC,3,1,H,1819
2019-02-04 00:00:00+00:00,West Ham United FC,Liverpool FC,1,1,D,1819
2019-02-06 00:00:00+00:00,Everton FC,Manchester City FC,0,2,A,1819
2019-02-09 00:00:00+00:00,Watford FC,Everton FC,1,0,H,1819
2019-02-09 00:00:00+00:00,Southampton FC,Cardiff,1,2,A,1819
2019-02-09 00:00:00+00:00,Huddersfield,Arsenal FC,1,2,A,1819
2019-02-09 00:00:00+00:00,Liverpool FC,AFC Bournemouth,3,0,H,1819
2019-02-09 00:00:00+00:00,Crystal Palace FC,West Ham United FC,1,1,D,1819
2019-02-09 00:00:00+00:00,Brighton & Hove Albion FC,Burnley FC,1,3,A,1819
2019-02-09 00:00:00+00:00,Fulham FC,Manchester United FC,0,3,A,1819
2019-02-10 00:00:00+00:00,Manchester City FC,Chelsea FC,6,0,H,1819
2019-02-10 00:00:00+00:00,Tottenham Hotspur FC,Leicester City FC,3,1,H,1819
2019-02-11 00:00:00+00:00,Wolverhampton Wanderers FC,Newcastle United FC,1,1,D,1819
2019-02-22 00:00:00+00:00,Cardiff,Watford FC,1,5,A,1819
2019-02-22 00:00:00+00:00,West Ham United FC,Fulham FC,3,1,H,1819
2019-02-23 00:00:00+00:00,Newcastle United FC,Huddersfield,2,0,H,1819
2019-02-23 00:00:00+00:00,Leicester City FC,Crystal Palace FC,1,4,A,1819
2019-02-23 00:00:00+00:00,Burnley FC,Tottenham Hotspur FC,2,1,H,1819
2019-02-23 00:00:00+00:00,AFC Bournemouth,Wolverhampton Wanderers FC,1,1,D,1819
2019-02-24 00:00:00+00:00,Arsenal FC,Southampton FC,2,0,H,1819
2019-02-24 00:00:00+00:00,Manchester United FC,Liverpool FC,0,0,D,1819
2019-02-26 00:00:00+00:00,Cardiff,Everton FC,0,3,A,1819
2019-02-26 00:00:00+00:00,Huddersfield,Wolverhampton Wanderers FC,1,0,H,1819
2019-02-26 00:00:00+00:00,Leicester City FC,Brighton & Hove Albion FC,2,1,H,1819
2019-02-26 00:00:00+00:00,Newcastle United FC,Burnley FC,2,0,H,1819
2019-02-27 00:00:00+00:00,Liverpool FC,Watford FC,5,0,H,1819
2019-02-27 00:00:00+00:00,Crystal Palace FC,Manchester United FC,1,3,A,1819
2019-02-27 00:00:00+00:00,Manchester City FC,West Ham United FC,1,0,H,1819
2019-02-27 00:00:00+00:00,Arsenal FC,AFC Bournemouth,5,1,H,1819
2019-02-27 00:00:00+00:00,Chelsea FC,Tottenham Hotspur FC,2,0,H,1819
2019-02-27 00:00:00+00:00,Southampton FC,Fulham FC,2,0,H,1819
2019-03-02 00:00:00+00:00,West Ham United FC,Newcastle United FC,2,0,H,1819
2019-03-02 00:00:00+00:00,Wolverhampton Wanderers FC,Cardiff,2,0,H,1819
2019-03-02 00:00:00+00:00,Tottenham Hotspur FC,Arsenal FC,1,1,D,1819
2019-03-02 00:00:00+00:00,AFC Bournemouth,Manchester City FC,0,1,A,1819
2019-03-02 00:00:00+00:00,Burnley FC,Crystal Palace FC,1,3,A,1819
2019-03-02 00:00:00+00:00,Manchester United FC,Southampton FC,3,2,H,1819
2019-03-02 00:00:00+00:00,Brighton & Hove Albion FC,Huddersfield,1,0,H,1819
2019-03-03 00:00:00+00:00,Everton FC,Liverpool FC,0,0,D,1819
2019-03-03 00:00:00+00:00,Fulham FC,Chelsea FC,1,2,A,1819
2019-03-03 00:00:00+00:00,Watford FC,Leicester City FC,2,1,H,1819
2019-03-09 00:00:00+00:00,Newcastle United FC,Everton FC,3,2,H,1819
2019-03-09 00:00:00+00:00,Cardiff,West Ham United FC,2,0,H,1819
2019-03-09 00:00:00+00:00,Crystal Palace FC,Brighton & Hove Albion FC,1,2,A,1819
2019-03-09 00:00:00+00:00,Huddersfield,AFC Bournemouth,0,2,A,1819
2019-03-09 00:00:00+00:00,Leicester City FC,Fulham FC,3,1,H,1819
2019-03-09 00:00:00+00:00,Manchester City FC,Watford FC,3,1,H,1819
2019-03-09 00:00:00+00:00,Southampton FC,Tottenham Hotspur FC,2,1,H,1819
2019-03-10 00:00:00+00:00,Liverpool FC,Burnley FC,4,2,H,1819
2019-03-10 00:00:00+00:00,Arsenal FC,Manchester United FC,2,0,H,1819
2019-03-10 00:00:00+00:00,Chelsea FC,Wolverhampton Wanderers FC,1,1,D,1819
2019-03-16 00:00:00+00:00,AFC Bournemouth,Newcastle United FC,2,2,D,1819
2019-03-16 00:00:00+00:00,Burnley FC,Leicester City FC,1,2,A,1819
2019-03-16 00:00:00+00:00,West Ham United FC,Huddersfield,4,3,H,1819
2019-03-17 00:00:00+00:00,Fulham FC,Liverpool FC,1,2,A,1819
2019-03-17 00:00:00+00:00,Everton FC,Chelsea FC,2,0,H,1819
2019-03-30 00:00:00+00:00,Manchester United FC,Watford FC,2,1,H,1819
2019-03-30 00:00:00+00:00,Crystal Palace FC,Huddersfield,2,0,H,1819
2019-03-30 00:00:00+00:00,West Ham United FC,Everton FC,0,2,A,1819
2019-03-30 00:00:00+00:00,Leicester City FC,AFC Bournemouth,2,0,H,1819
2019-03-30 00:00:00+00:00,Burnley FC,Wolverhampton Wanderers FC,2,0,H,1819
2019-03-30 00:00:00+00:00,Brighton & Hove Albion FC,Southampton FC,0,1,A,1819
2019-03-30 00:00:00+00:00,Fulham FC,Manchester City FC,0,2,A,1819
2019-03-31 00:00:00+00:00,Cardiff,Chelsea FC,1,2,A,1819
2019-03-31 00:00:00+00:00,Liverpool FC,Tottenham Hotspur FC,2,1,H,1819
2019-04-01 00:00:00+00:00,Arsenal FC,Newcastle United FC,2,0,H,1819
2019-04-02 00:00:00+00:00,Watford FC,Fulham FC,4,1,H,1819
2019-04-02 00:00:00+00:00,Wolverhampton Wanderers FC,Manchester United FC,2,1,H,1819
2019-04-03 00:00:00+00:00,Tottenham Hotspur FC,Crystal Palace FC,2,0,H,1819
2019-04-03 00:00:00+00:00,Manchester City FC,Cardiff,2,0,H,1819
2019-04-03 00:00:00+00:00,Chelsea FC,Brighton & Hove Albion FC,3,0,H,1819
2019-04-05 00:00:00+00:00,Southampton FC,Liverpool FC,1,3,A,1819
2019-04-06 00:00:00+00:00,AFC Bournemouth,Burnley FC,1,3,A,1819
2019-04-06 00:00:00+00:00,Huddersfield,Leicester City FC,1,4,A,1819
2019-04-06 00:00:00+00:00,Newcastle United FC,Crystal Palace FC,0,1,A,1819
2019-04-07 00:00:00+00:00,Everton FC,Arsenal FC,1,0,H,1819
2019-04-08 00:00:00+00:00,Chelsea FC,West Ham United FC,2,0,H,1819
2019-04-12 00:00:00+00:00,Leicester City FC,Newcastle United FC,0,1,A,1819
2019-04-13 00:00:00+00:00,Manchester United FC,West Ham United FC,2,1,H,1819
2019-04-13 00:00:00+00:00,Southampton FC,Wolverhampton Wanderers FC,3,1,H,1819
2019-04-13 00:00:00+00:00,Tottenham Hotspur FC,Huddersfield,4,0,H,1819
2019-04-13 00:00:00+00:00,Fulham FC,Everton FC,2,0,H,1819
2019-04-13 00:00:00+00:00,Brighton & Hove Albion FC,AFC Bournemouth,0,5,A,1819
2019-04-13 00:00:00+00:00,Burnley FC,Cardiff,2,0,H,1819
2019-04-14 00:00:00+00:00,Crystal Palace FC,Manchester City FC,1,3,A,1819
2019-04-14 00:00:00+00:00,Liverpool FC,Chelsea FC,2,0,H,1819
2019-04-15 00:00:00+00:00,Watford FC,Arsenal FC,0,1,A,1819
2019-04-16 00:00:00+00:00,Brighton & Hove Albion FC,Cardiff,0,2,A,1819
2019-04-20 00:00:00+00:00,West Ham United FC,Leicester City FC,2,2,D,1819
2019-04-20 00:00:00+00:00,Newcastle United FC,Southampton FC,3,1,H,1819
2019-04-20 00:00:00+00:00,Wolverhampton Wanderers FC,Brighton & Hove Albion FC,0,0,D,1819
2019-04-20 00:00:00+00:00,Huddersfield,Watford FC,1,2,A,1819
2019-04-20 00:00:00+00:00,AFC Bournemouth,Fulham FC,0,1,A,1819
2019-04-20 00:00:00+00:00,Manchester City FC,Tottenham Hotspur FC,1,0,H,1819
2019-04-21 00:00:00+00:00,Arsenal FC,Crystal Palace FC,2,3,A,1819
2019-04-21 00:00:00+00:00,Cardiff,Liverpool FC,0,2,A,1819
2019-04-21 00:00:00+00:00,Everton FC,Manchester United FC,4,0,H,1819
2019-04-22 00:00:00+00:00,Chelsea FC,Burnley FC,2,2,D,1819
2019-04-23 00:00:00+00:00,Tottenham Hotspur FC,Brighton & Hove Albion FC,1,0,H,1819
2019-04-23 00:00:00+00:00,Watford FC,Southampton FC,1,1,D,1819
2019-04-24 00:00:00+00:00,Manchester United FC,Manchester City FC,0,2,A,1819
2019-04-24 00:00:00+00:00,Wolverhampton Wanderers FC,Arsenal FC,3,1,H,1819
2019-04-26 00:00:00+00:00,Liverpool FC,Huddersfield,5,0,H,1819
2019-04-27 00:00:00+00:00,Tottenham Hotspur FC,West Ham United FC,0,1,A,1819
2019-04-27 00:00:00+00:00,Watford FC,Wolverhampton Wanderers FC,1,2,A,1819
2019-04-27 00:00:00+00:00,Southampton FC,AFC Bournemouth,3,3,D,1819
2019-04-27 00:00:00+00:00,Brighton & Hove Albion FC,Newcastle United FC,1,1,D,1819
2019-04-27 00:00:00+00:00,Crystal Palace FC,Everton FC,0,0,D,1819
2019-04-27 00:00:00+00:00,Fulham FC,Cardiff,1,0,H,1819
2019-04-28 00:00:00+00:00,Burnley FC,Manchester City FC,0,1,A,1819
2019-04-28 00:00:00+00:00,Leicester City FC,Arsenal FC,3,0,H,1819
2019-04-28 00:00:00+00:00,Manchester United FC,Chelsea FC,1,1,D,1819
2019-05-03 00:00:00+00:00,Everton FC,Burnley FC,2,0,H,1819
2019-05-04 00:00:00+00:00,Wolverhampton Wanderers FC,Fulham FC,1,0,H,1819
2019-05-04 00:00:00+00:00,Newcastle United FC,Liverpool FC,2,3,A,1819
2019-05-04 00:00:00+00:00,West Ham United FC,Southampton FC,3,0,H,1819
2019-05-04 00:00:00+00:00,AFC Bournemouth,Tottenham Hotspur FC,1,0,H,1819
2019-05-04 00:00:00+00:00,Cardiff,Crystal Palace FC,2,3,A,1819
2019-05-05 00:00:00+00:00,Arsenal FC,Brighton & Hove Albion FC,1,1,D,1819
2019-05-05 00:00:00+00:00,Chelsea FC,Watford FC,3,0,H,1819
2019-05-05 00:00:00+00:00,Huddersfield,Manchester United FC,1,1,D,1819
2019-05-06 00:00:00+00:00,Manchester City FC,Leicester City FC,1,0,H,1819
2019-05-12 00:00:00+00:00,Southampton FC,Huddersfield,1,1,D,1819
2019-05-12 00:00:00+00:00,Watford FC,West Ham United FC,1,4,A,1819
2019-05-12 00:00:00+00:00,Tottenham Hotspur FC,Everton FC,2,2,D,1819
2019-05-12 00:00:00+00:00,Liverpool FC,Wolverhampton Wanderers FC,2,0,H,1819
2019-05-12 00:00:00+00:00,Manchester United FC,Cardiff,0,2,A,1819
2019-05-12 00:00:00+00:00,Fulham FC,Newcastle United FC,0,4,A,1819
2019-05-12 00:00:00+00:00,Leicester City FC,Chelsea FC,0,0,D,1819
2019-05-12 00:00:00+00:00,Crystal Palace FC,AFC Bournemouth,5,3,H,1819
2019-05-12 00:00:00+00:00,Burnley FC,Arsenal FC,1,3,A,1819
2019-05-12 00:00:00+00:00,Brighton & Hove Albion FC,Manchester City FC,1,4,A,1819
2019-08-09 00:00:00+00:00,Liverpool FC,Norwich City FC,4,1,H,1920
2019-08-10 00:00:00+00:00,Tottenham Hotspur FC,Aston Villa FC,3,1,H,1920
2019-08-10 00:00:00+00:00,Crystal Palace FC,Everton FC,0,0,D,1920
2019-08-10 00:00:00+00:00,Watford FC,Brighton & Hove Albion FC,0,3,A,1920
2019-08-10 00:00:00+00:00,AFC Bournemouth,Sheffield United FC,1,1,D,1920
2019-08-10 00:00:00+00:00,West Ham United FC,Manchester City FC,0,5,A,1920
2019-08-10 00:00:00+00:00,Burnley FC,Southampton FC,3,0,H,1920
2019-08-11 00:00:00+00:00,Leicester City FC,Wolverhampton Wanderers FC,0,0,D,1920
2019-08-11 00:00:00+00:00,Newcastle United FC,Arsenal FC,0,1,A,1920
2019-08-11 00:00:00+00:00,Manchester United FC,Chelsea FC,4,0,H,1920
2019-08-17 00:00:00+00:00,Southampton FC,Liverpool FC,1,2,A,1920
2019-08-17 00:00:00+00:00,Arsenal FC,Burnley FC,2,1,H,1920
2019-08-17 00:00:00+00:00,Aston Villa FC,AFC Bournemouth,1,2,A,1920
2019-08-17 00:00:00+00:00,Brighton & Hove Albion FC,West Ham United FC,1,1,D,1920
2019-08-17 00:00:00+00:00,Everton FC,Watford FC,1,0,H,1920
2019-08-17 00:00:00+00:00,Norwich City FC,Newcastle United FC,3,1,H,1920
2019-08-17 00:00:00+00:00,Manchester City FC,Tottenham Hotspur FC,2,2,D,1920
2019-08-18 00:00:00+00:00,Chelsea FC,Leicester City FC,1,1,D,1920
2019-08-18 00:00:00+00:00,Sheffield United FC,Crystal Palace FC,1,0,H,1920
2019-08-19 00:00:00+00:00,Wolverhampton Wanderers FC,Manchester United FC,1,1,D,1920
2019-08-23 00:00:00+00:00,Aston Villa FC,Everton FC,2,0,H,1920
2019-08-24 00:00:00+00:00,Norwich City FC,Chelsea FC,2,3,A,1920
2019-08-24 00:00:00+00:00,Brighton & Hove Albion FC,Southampton FC,0,2,A,1920
2019-08-24 00:00:00+00:00,Manchester United FC,Crystal Palace FC,1,2,A,1920
2019-08-24 00:00:00+00:00,Sheffield United FC,Leicester City FC,1,2,A,1920
2019-08-24 00:00:00+00:00,Watford FC,West Ham United FC,1,3,A,1920
2019-08-24 00:00:00+00:00,Liverpool FC,Arsenal FC,3,1,H,1920
2019-08-25 00:00:00+00:00,Tottenham Hotspur FC,Newcastle United FC,0,1,A,1920
2019-08-25 00:00:00+00:00,AFC Bournemouth,Manchester City FC,1,3,A,1920
2019-08-25 00:00:00+00:00,Wolverhampton Wanderers FC,Burnley FC,1,1,D,1920
2019-08-31 00:00:00+00:00,Burnley FC,Liverpool FC,0,3,A,1920
2019-08-31 00:00:00+00:00,West Ham United FC,Norwich City FC,2,0,H,1920
2019-08-31 00:00:00+00:00,Newcastle United FC,Watford FC,1,1,D,1920
2019-08-31 00:00:00+00:00,Manchester City FC,Brighton & Hove Albion FC,4,0,H,1920
2019-08-31 00:00:00+00:00,Southampton FC,Manchester United FC,1,1,D,1920
2019-08-31 00:00:00+00:00,Crystal Palace FC,Aston Villa FC,1,0,H,1920
2019-08-31 00:00:00+00:00,Chelsea FC,Sheffield United FC,2,2,D,1920
2019-08-31 00:00:00+00:00,Leicester City FC,AFC Bournemouth,3,1,H,1920
2019-09-01 00:00:00+00:00,Everton FC,Wolverhampton Wanderers FC,3,2,H,1920
2019-09-01 00:00:00+00:00,Arsenal FC,Tottenham Hotspur FC,2,2,D,1920
2019-09-14 00:00:00+00:00,Wolverhampton Wanderers FC,Chelsea FC,2,5,A,1920
2019-09-14 00:00:00+00:00,Norwich City FC,Manchester City FC,3,2,H,1920
2019-09-14 00:00:00+00:00,Tottenham Hotspur FC,Crystal Palace FC,4,0,H,1920
2019-09-14 00:00:00+00:00,Brighton & Hove Albion FC,Burnley FC,1,1,D,1920
2019-09-14 00:00:00+00:00,Manchester United FC,Leicester City FC,1,0,H,1920
2019-09-14 00:00:00+00:00,Liverpool FC,Newcastle United FC,3,1,H,1920
2019-09-14 00:00:00+00:00,Sheffield United FC,Southampton FC,0,1,A,1920
2019-09-15 00:00:00+00:00,AFC Bournemouth,Everton FC,3,1,H,1920
2019-09-15 00:00:00+00:00,Watford FC,Arsenal FC,2,2,D,1920
2019-09-16 00:00:00+00:00,Aston Villa FC,West Ham United FC,0,0,D,1920
2019-09-20 00:00:00+00:00,Southampton FC,AFC Bournemouth,1,3,A,1920
2019-09-21 00:00:00+00:00,Newcastle United FC,Brighton & Hove Albion FC,0,0,D,1920
2019-09-21 00:00:00+00:00,Manchester City FC,Watford FC,8,0,H,1920
2019-09-21 00:00:00+00:00,Everton FC,Sheffield United FC,0,2,A,1920
2019-09-21 00:00:00+00:00,Leicester City FC,Tottenham Hotspur FC,2,1,H,1920
2019-09-21 00:00:00+00:00,Burnley FC,Norwich City FC,2,0,H,1920
2019-09-22 00:00:00+00:00,Crystal Palace FC,Wolverhampton Wanderers FC,1,1,D,1920
2019-09-22 00:00:00+00:00,West Ham United FC,Manchester United FC,2,0,H,1920
2019-09-22 00:00:00+00:00,Arsenal FC,Aston Villa FC,3,2,H,1920
2019-09-22 00:00:00+00:00,Chelsea FC,Liverpool FC,1,2,A,1920
2019-09-28 00:00:00+00:00,Everton FC,Manchester City FC,1,3,A,1920
2019-09-28 00:00:00+00:00,Wolverhampton Wanderers FC,Watford FC,2,0,H,1920
2019-09-28 00:00:00+00:00,Crystal Palace FC,Norwich City FC,2,0,H,1920
2019-09-28 00:00:00+00:00,Tottenham Hotspur FC,Southampton FC,2,1,H,1920
2019-09-28 00:00:00+00:00,AFC Bournemouth,West Ham United FC,2,2,D,1920
2019-09-28 00:00:00+00:00,Aston Villa FC,Burnley FC,2,2,D,1920
2019-09-28 00:00:00+00:00,Sheffield United FC,Liverpool FC,0,1,A,1920
2019-09-28 00:00:00+00:00,Chelsea FC,Brighton & Hove Albion FC,2,0,H,1920
2019-09-29 00:00:00+00:00,Leicester City FC,Newcastle United FC,5,0,H,1920
2019-09-30 00:00:00+00:00,Manchester United FC,Arsenal FC,1,1,D,1920
2019-10-05 00:00:00+00:00,Watford FC,Sheffield United FC,0,0,D,1920
2019-10-05 00:00:00+00:00,Norwich City FC,Aston Villa FC,1,5,A,1920
2019-10-05 00:00:00+00:00,West Ham United FC,Crystal Palace FC,1,2,A,1920
2019-10-05 00:00:00+00:00,Burnley FC,Everton FC,1,0,H,1920
2019-10-05 00:00:00+00:00,Brighton & Hove Albion FC,Tottenham Hotspur FC,3,0,H,1920
2019-10-05 00:00:00+00:00,Liverpool FC,Leicester City FC,2,1,H,1920
2019-10-06 00:00:00+00:00,Arsenal FC,AFC Bournemouth,1,0,H,1920
2019-10-06 00:00:00+00:00,Manchester City FC,Wolverhampton Wanderers FC,0,2,A,1920
2019-10-06 00:00:00+00:00,Southampton FC,Chelsea FC,1,4,A,1920
2019-10-06 00:00:00+00:00,Newcastle United FC,Manchester United FC,1,0,H,1920
2019-10-19 00:00:00+00:00,Wolverhampton Wanderers FC,Southampton FC,1,1,D,1920
2019-10-19 00:00:00+00:00,Everton FC,West Ham United FC,2,0,H,1920
2019-10-19 00:00:00+00:00,Aston Villa FC,Brighton & Hove Albion FC,2,1,H,1920
2019-10-19 00:00:00+00:00,AFC Bournemouth,Norwich City FC,0,0,D,1920
2019-10-19 00:00:00+00:00,Chelsea FC,Newcastle United FC,1,0,H,1920
2019-10-19 00:00:00+00:00,Leicester City FC,Burnley FC,2,1,H,1920
2019-10-19 00:00:00+00:00,Tottenham Hotspur FC,Watford FC,1,1,D,1920
2019-10-19 00:00:00+00:00,Crystal Palace FC,Manchester City FC,0,2,A,1920
2019-10-20 00:00:00+00:00,Manchester United FC,Liverpool FC,1,1,D,1920
2019-10-21 00:00:00+00:00,Sheffield United FC,Arsenal FC,1,0,H,1920
2019-10-25 00:00:00+00:00,Southampton FC,Leicester City FC,0,9,A,1920
2019-10-26 00:00:00+00:00,Manchester City FC,Aston Villa FC,3,0,H,1920
2019-10-26 00:00:00+00:00,Brighton & Hove Albion FC,Everton FC,3,2,H,1920
2019-10-26 00:00:00+00:00,Watford FC,AFC Bournemouth,0,0,D,1920
2019-10-26 00:00:00+00:00,West Ham United FC,Sheffield United FC,1,1,D,1920
2019-10-26 00:00:00+00:00,Burnley FC,Chelsea FC,2,4,A,1920
2019-10-27 00:00:00+00:00,Liverpool FC,Tottenham Hotspur FC,2,1,H,1920
2019-10-27 00:00:00+00:00,Norwich City FC,Manchester United FC,1,3,A,1920
2019-10-27 00:00:00+00:00,Newcastle United FC,Wolverhampton Wanderers FC,1,1,D,1920
2019-10-27 00:00:00+00:00,Arsenal FC,Crystal Palace FC,2,2,D,1920
2019-11-02 00:00:00+00:00,AFC Bournemouth,Manchester United FC,1,0,H,1920
2019-11-02 00:00:00+00:00,Arsenal FC,Wolverhampton Wanderers FC,1,1,D,1920
2019-11-02 00:00:00+00:00,Aston Villa FC,Liverpool FC,1,2,A,1920
2019-11-02 00:00:00+00:00,Brighton & Hove Albion FC,Norwich City FC,2,0,H,1920
2019-11-02 00:00:00+00:00,Manchester City FC,Southampton FC,2,1,H,1920
2019-11-02 00:00:00+00:00,Sheffield United FC,Burnley FC,3,0,H,1920
2019-11-02 00:00:00+00:00,West Ham United FC,Newcastle United FC,2,3,A,1920
2019-11-02 00:00:00+00:00,Watford FC,Chelsea FC,1,2,A,1920
2019-11-03 00:00:00+00:00,Crystal Palace FC,Leicester City FC,0,2,A,1920
2019-11-03 00:00:00+00:00,Everton FC,Tottenham Hotspur FC,1,1,D,1920
2019-11-08 00:00:00+00:00,Norwich City FC,Watford FC,0,2,A,1920
2019-11-09 00:00:00+00:00,Chelsea FC,Crystal Palace FC,2,0,H,1920
2019-11-09 00:00:00+00:00,Burnley FC,West Ham United FC,3,0,H,1920
2019-11-09 00:00:00+00:00,Newcastle United FC,AFC Bournemouth,2,1,H,1920
2019-11-09 00:00:00+00:00,Southampton FC,Everton FC,1,2,A,1920
2019-11-09 00:00:00+00:00,Tottenham Hotspur FC,Sheffield United FC,1,1,D,1920
2019-11-09 00:00:00+00:00,Leicester City FC,Arsenal FC,2,0,H,1920
2019-11-10 00:00:00+00:00,Manchester United FC,Brighton & Hove Albion FC,3,1,H,1920
2019-11-10 00:00:00+00:00,Wolverhampton Wanderers FC,Aston Villa FC,2,1,H,1920
2019-11-10 00:00:00+00:00,Liverpool FC,Manchester City FC,3,1,H,1920
2019-11-23 00:00:00+00:00,Manchester City FC,Chelsea FC,2,1,H,1920
2019-11-23 00:00:00+00:00,Watford FC,Burnley FC,0,3,A,1920
2019-11-23 00:00:00+00:00,Everton FC,Norwich City FC,0,2,A,1920
2019-11-23 00:00:00+00:00,Crystal Palace FC,Liverpool FC,1,2,A,1920
2019-11-23 00:00:00+00:00,Arsenal FC,Southampton FC,2,2,D,1920
2019-11-23 00:00:00+00:00,AFC Bournemouth,Wolverhampton Wanderers FC,1,2,A,1920
2019-11-23 00:00:00+00:00,West Ham United FC,Tottenham Hotspur FC,2,3,A,1920
2019-11-23 00:00:00+00:00,Brighton & Hove Albion FC,Leicester City FC,0,2,A,1920
2019-11-24 00:00:00+00:00,Sheffield United FC,Manchester United FC,3,3,D,1920
2019-11-25 00:00:00+00:00,Aston Villa FC,Newcastle United FC,2,0,H,1920
2019-11-30 00:00:00+00:00,Tottenham Hotspur FC,AFC Bournemouth,3,2,H,1920
2019-11-30 00:00:00+00:00,Liverpool FC,Brighton & Hove Albion FC,2,1,H,1920
2019-11-30 00:00:00+00:00,Southampton FC,Watford FC,2,1,H,1920
2019-11-30 00:00:00+00:00,Burnley FC,Crystal Palace FC,0,2,A,1920
2019-11-30 00:00:00+00:00,Chelsea FC,West Ham United FC,0,1,A,1920
2019-11-30 00:00:00+00:00,Newcastle United FC,Manchester City FC,2,2,D,1920
2019-12-01 00:00:00+00:00,Norwich City FC,Arsenal FC,2,2,D,1920
2019-12-01 00:00:00+00:00,Wolverhampton Wanderers FC,Sheffield United FC,1,1,D,1920
2019-12-01 00:00:00+00:00,Leicester City FC,Everton FC,2,1,H,1920
2019-12-01 00:00:00+00:00,Manchester United FC,Aston Villa FC,2,2,D,1920
2019-12-03 00:00:00+00:00,Crystal Palace FC,AFC Bournemouth,1,0,H,1920
2019-12-03 00:00:00+00:00,Burnley FC,Manchester City FC,1,4,A,1920
2019-12-04 00:00:00+00:00,Southampton FC,Norwich City FC,2,1,H,1920
2019-12-04 00:00:00+00:00,Liverpool FC,Everton FC,5,2,H,1920
2019-12-04 00:00:00+00:00,Wolverhampton Wanderers FC,West Ham United FC,2,0,H,1920
2019-12-04 00:00:00+00:00,Manchester United FC,Tottenham Hotspur FC,2,1,H,1920
2019-12-04 00:00:00+00:00,Leicester City FC,Watford FC,2,0,H,1920
2019-12-04 00:00:00+00:00,Chelsea FC,Aston Villa FC,2,1,H,1920
2019-12-05 00:00:00+00:00,Sheffield United FC,Newcastle United FC,0,2,A,1920
2019-12-05 00:00:00+00:00,Arsenal FC,Brighton & Hove Albion FC,1,2,A,1920
2019-12-07 00:00:00+00:00,Everton FC,Chelsea FC,3,1,H,1920
2019-12-07 00:00:00+00:00,AFC Bournemouth,Liverpool FC,0,3,A,1920
2019-12-07 00:00:00+00:00,Tottenham Hotspur FC,Burnley FC,5,0,H,1920
2019-12-07 00:00:00+00:00,Watford FC,Crystal Palace FC,0,0,D,1920
2019-12-07 00:00:00+00:00,Manchester City FC,Manchester United FC,1,2,A,1920
2019-12-08 00:00:00+00:00,Brighton & Hove Albion FC,Wolverhampton Wanderers FC,2,2,D,1920
2019-12-08 00:00:00+00:00,Norwich City FC,Sheffield United FC,1,2,A,1920
2019-12-08 00:00:00+00:00,Aston Villa FC,Leicester City FC,1,4,A,1920
2019-12-08 00:00:00+00:00,Newcastle United FC,Southampton FC,2,1,H,1920
2019-12-09 00:00:00+00:00,West Ham United FC,Arsenal FC,1,3,A,1920
2019-12-14 00:00:00+00:00,Liverpool FC,Watford FC,2,0,H,1920
2019-12-14 00:00:00+00:00,Burnley FC,Newcastle United FC,1,0,H,1920
2019-12-14 00:00:00+00:00,Chelsea FC,AFC Bournemouth,0,1,A,1920
2019-12-14 00:00:00+00:00,Leicester City FC,Norwich City FC,1,1,D,1920
2019-12-14 00:00:00+00:00,Sheffield United FC,Aston Villa FC,2,0,H,1920
2019-12-14 00:00:00+00:00,Southampton FC,West Ham United FC,0,1,A,1920
2019-12-15 00:00:00+00:00,Manchester United FC,Everton FC,1,1,D,1920
2019-12-15 00:00:00+00:00,Wolverhampton Wanderers FC,Tottenham Hotspur FC,1,2,A,1920
2019-12-15 00:00:00+00:00,Arsenal FC,Manchester City FC,0,3,A,1920
2019-12-16 00:00:00+00:00,Crystal Palace FC,Brighton & Hove Albion FC,1,1,D,1920
2019-12-21 00:00:00+00:00,Everton FC,Arsenal FC,0,0,D,1920
2019-12-21 00:00:00+00:00,Aston Villa FC,Southampton FC,1,3,A,1920
2019-12-21 00:00:00+00:00,AFC Bournemouth,Burnley FC,0,1,A,1920
2019-12-21 00:00:00+00:00,Brighton & Hove Albion FC,Sheffield United FC,0,1,A,1920
2019-12-21 00:00:00+00:00,Newcastle United FC,Crystal Palace FC,1,0,H,1920
2019-12-21 00:00:00+00:00,Norwich City FC,Wolverhampton Wanderers FC,1,2,A,1920
2019-12-21 00:00:00+00:00,Manchester City FC,Leicester City FC,3,1,H,1920
2019-12-22 00:00:00+00:00,Watford FC,Manchester United FC,2,0,H,1920
2019-12-22 00:00:00+00:00,Tottenham Hotspur FC,Chelsea FC,0,2,A,1920
2019-12-26 00:00:00+00:00,Manchester United FC,Newcastle United FC,4,1,H,1920
2019-12-26 00:00:00+00:00,Sheffield United FC,Watford FC,1,1,D,1920
2019-12-26 00:00:00+00:00,Leicester City FC,Liverpool FC,0,4,A,1920
2019-12-26 00:00:00+00:00,Crystal Palace FC,West Ham United FC,2,1,H,1920
2019-12-26 00:00:00+00:00,Everton FC,Burnley FC,1,0,H,1920
2019-12-26 00:00:00+00:00,AFC Bournemouth,Arsenal FC,1,1,D,1920
2019-12-26 00:00:00+00:00,Aston Villa FC,Norwich City FC,1,0,H,1920
2019-12-26 00:00:00+00:00,Tottenham Hotspur FC,Brighton & Hove Albion FC,2,1,H,1920
2019-12-26 00:00:00+00:00,Chelsea FC,Southampton FC,0,2,A,1920
2019-12-27 00:00:00+00:00,Wolverhampton Wanderers FC,Manchester City FC,3,2,H,1920
2019-12-28 00:00:00+00:00,Burnley FC,Manchester United FC,0,2,A,1920
2019-12-28 00:00:00+00:00,West Ham United FC,Leicester City FC,1,2,A,1920
2019-12-28 00:00:00+00:00,Watford FC,Aston Villa FC,3,0,H,1920
2019-12-28 00:00:00+00:00,Norwich City FC,Tottenham Hotspur FC,2,2,D,1920
2019-12-28 00:00:00+00:00,Newcastle United FC,Everton FC,1,2,A,1920
2019-12-28 00:00:00+00:00,Brighton & Hove Albion FC,AFC Bournemouth,2,0,H,1920
2019-12-28 00:00:00+00:00,Southampton FC,Crystal Palace FC,1,1,D,1920
2019-12-29 00:00:00+00:00,Arsenal FC,Chelsea FC,1,2,A,1920
2019-12-29 00:00:00+00:00,Liverpool FC,Wolverhampton Wanderers FC,1,0,H,1920
2019-12-29 00:00:00+00:00,Manchester City FC,Sheffield United FC,2,0,H,1920
2020-01-01 00:00:00+00:00,Manchester City FC,Everton FC,2,1,H,1920
2020-01-01 00:00:00+00:00,West Ham United FC,AFC Bournemouth,4,0,H,1920
2020-01-01 00:00:00+00:00,Norwich City FC,Crystal Palace FC,1,1,D,1920
2020-01-01 00:00:00+00:00,Watford FC,Wolverhampton Wanderers FC,2,1,H,1920
2020-01-01 00:00:00+00:00,Arsenal FC,Manchester United FC,2,0,H,1920
2020-01-01 00:00:00+00:00,Newcastle United FC,Leicester City FC,0,3,A,1920
2020-01-01 00:00:00+00:00,Burnley FC,Aston Villa FC,1,2,A,1920
2020-01-01 00:00:00+00:00,Brighton & Hove Albion FC,Chelsea FC,1,1,D,1920
2020-01-01 00:00:00+00:00,Southampton FC,Tottenham Hotspur FC,1,0,H,1920
2020-01-02 00:00:00+00:00,Liverpool FC,Sheffield United FC,2,0,H,1920
2020-01-10 00:00:00+00:00,Sheffield United FC,West Ham United FC,1,0,H,1920
2020-01-11 00:00:00+00:00,Crystal Palace FC,Arsenal FC,1,1,D,1920
2020-01-11 00:00:00+00:00,Chelsea FC,Burnley FC,3,0,H,1920
2020-01-11 00:00:00+00:00,Everton FC,Brighton & Hove Albion FC,1,0,H,1920
2020-01-11 00:00:00+00:00,Leicester City FC,Southampton FC,1,2,A,1920
2020-01-11 00:00:00+00:00,Manchester United FC,Norwich City FC,4,0,H,1920
2020-01-11 00:00:00+00:00,Wolverhampton Wanderers FC,Newcastle United FC,1,1,D,1920
2020-01-11 00:00:00+00:00,Tottenham Hotspur FC,Liverpool FC,0,1,A,1920
2020-01-12 00:00:00+00:00,Aston Villa FC,Manchester City FC,1,6,A,1920
2020-01-12 00:00:00+00:00,AFC Bournemouth,Watford FC,0,3,A,1920
2020-01-18 00:00:00+00:00,Watford FC,Tottenham Hotspur FC,0,0,D,1920
2020-01-18 00:00:00+00:00,Arsenal FC,Sheffield United FC,1,1,D,1920
2020-01-18 00:00:00+00:00,Brighton & Hove Albion FC,Aston Villa FC,1,1,D,1920
2020-01-18 00:00:00+00:00,Manchester City FC,Crystal Palace FC,2,2,D,1920
2020-01-18 00:00:00+00:00,Norwich City FC,AFC Bournemouth,1,0,H,1920
2020-01-18 00:00:00+00:00,Southampton FC,Wolverhampton Wanderers FC,2,3,A,1920
2020-01-18 00:00:00+00:00,West Ham United FC,Everton FC,1,1,D,1920
2020-01-18 00:00:00+00:00,Newcastle United FC,Chelsea FC,1,0,H,1920
2020-01-19 00:00:00+00:00,Burnley FC,Leicester City FC,2,1,H,1920
2020-01-19 00:00:00+00:00,Liverpool FC,Manchester United FC,2,0,H,1920
2020-01-21 00:00:00+00:00,Chelsea FC,Arsenal FC,2,2,D,1920
2020-01-21 00:00:00+00:00,Sheffield United FC,Manchester City FC,0,1,A,1920
2020-01-21 00:00:00+00:00,Everton FC,Newcastle United FC,2,2,D,1920
2020-01-21 00:00:00+00:00,Crystal Palace FC,Southampton FC,0,2,A,1920
2020-01-21 00:00:00+00:00,AFC Bournemouth,Brighton & Hove Albion FC,3,1,H,1920
2020-01-21 00:00:00+00:00,Aston Villa FC,Watford FC,2,1,H,1920
2020-01-22 00:00:00+00:00,Leicester City FC,West Ham United FC,4,1,H,1920
2020-01-22 00:00:00+00:00,Tottenham Hotspur FC,Norwich City FC,2,1,H,1920
2020-01-22 00:00:00+00:00,Manchester United FC,Burnley FC,0,2,A,1920
2020-01-23 00:00:00+00:00,Wolverhampton Wanderers FC,Liverpool FC,1,2,A,1920
2020-01-29 00:00:00+00:00,West Ham United FC,Liverpool FC,0,2,A,1920
2020-02-01 00:00:00+00:00,Manchester United FC,Wolverhampton Wanderers FC,0,0,D,1920
2020-02-01 00:00:00+00:00,West Ham United FC,Brighton & Hove Albion FC,3,3,D,1920
2020-02-01 00:00:00+00:00,Watford FC,Everton FC,2,3,A,1920
2020-02-01 00:00:00+00:00,Newcastle United FC,Norwich City FC,0,0,D,1920
2020-02-01 00:00:00+00:00,Crystal Palace FC,Sheffield United FC,0,1,A,1920
2020-02-01 00:00:00+00:00,AFC Bournemouth,Aston Villa FC,2,1,H,1920
2020-02-01 00:00:00+00:00,Leicester City FC,Chelsea FC,2,2,D,1920
2020-02-01 00:00:00+00:00,Liverpool FC,Southampton FC,4,0,H,1920
2020-02-02 00:00:00+00:00,Burnley FC,Arsenal FC,0,0,D,1920
2020-02-02 00:00:00+00:00,Tottenham Hotspur FC,Manchester City FC,2,0,H,1920
2020-02-08 00:00:00+00:00,Everton FC,Crystal Palace FC,3,1,H,1920
2020-02-08 00:00:00+00:00,Brighton & Hove Albion FC,Watford FC,1,1,D,1920
2020-02-09 00:00:00+00:00,Sheffield United FC,AFC Bournemouth,2,1,H,1920
2020-02-14 00:00:00+00:00,Wolverhampton Wanderers FC,Leicester City FC,0,0,D,1920
2020-02-15 00:00:00+00:00,Norwich City FC,Liverpool FC,0,1,A,1920
2020-02-15 00:00:00+00:00,Southampton FC,Burnley FC,1,2,A,1920
2020-02-16 00:00:00+00:00,Arsenal FC,Newcastle United FC,4,0,H,1920
2020-02-16 00:00:00+00:00,Aston Villa FC,Tottenham Hotspur FC,2,3,A,1920
2020-02-17 00:00:00+00:00,Chelsea FC,Manchester United FC,0,2,A,1920
2020-02-19 00:00:00+00:00,Manchester City FC,West Ham United FC,2,0,H,1920
2020-02-22 00:00:00+00:00,Chelsea FC,Tottenham Hotspur FC,2,1,H,1920
2020-02-22 00:00:00+00:00,Burnley FC,AFC Bournemouth,3,0,H,1920
2020-02-22 00:00:00+00:00,Crystal Palace FC,Newcastle United FC,1,0,H,1920
2020-02-22 00:00:00+00:00,Sheffield United FC,Brighton & Hove Albion FC,1,1,D,1920
2020-02-22 00:00:00+00:00,Southampton FC,Aston Villa FC,2,0,H,1920
2020-02-22 00:00:00+00:00,Leicester City FC,Manchester City FC,0,1,A,1920
2020-02-23 00:00:00+00:00,Arsenal FC,Everton FC,3,2,H,1920
2020-02-23 00:00:00+00:00,Wolverhampton Wanderers FC,Norwich City FC,3,0,H,1920
2020-02-23 00:00:00+00:00,Manchester United FC,Watford FC,3,0,H,1920
2020-02-24 00:00:00+00:00,Liverpool FC,West Ham United FC,3,2,H,1920
2020-02-28 00:00:00+00:00,Norwich City FC,Leicester City FC,1,0,H,1920
2020-02-29 00:00:00+00:00,Brighton & Hove Albion FC,Crystal Palace FC,0,1,A,1920
2020-02-29 00:00:00+00:00,AFC Bournemouth,Chelsea FC,2,2,D,1920
2020-02-29 00:00:00+00:00,Newcastle United FC,Burnley FC,0,0,D,1920
2020-02-29 00:00:00+00:00,West Ham United FC,Southampton FC,3,1,H,1920
2020-02-29 00:00:00+00:00,Watford FC,Liverpool FC,3,0,H,1920
2020-03-01 00:00:00+00:00,Everton FC,Manchester United FC,1,1,D,1920
2020-03-01 00:00:00+00:00,Tottenham Hotspur FC,Wolverhampton Wanderers FC,2,3,A,1920
2020-03-07 00:00:00+00:00,Wolverhampton Wanderers FC,Brighton & Hove Albion FC,0,0,D,1920
2020-03-07 00:00:00+00:00,Burnley FC,Tottenham Hotspur FC,1,1,D,1920
2020-03-07 00:00:00+00:00,Southampton FC,Newcastle United FC,0,1,A,1920
2020-03-07 00:00:00+00:00,Liverpool FC,AFC Bournemouth,2,1,H,1920
2020-03-07 00:00:00+00:00,Crystal Palace FC,Watford FC,1,0,H,1920
2020-03-07 00:00:00+00:00,Sheffield United FC,Norwich City FC,1,0,H,1920
2020-03-07 00:00:00+00:00,Arsenal FC,West Ham United FC,1,0,H,1920
2020-03-08 00:00:00+00:00,Chelsea FC,Everton FC,4,0,H,1920
2020-03-08 00:00:00+00:00,Manchester United FC,Manchester City FC,2,0,H,1920
2020-03-09 00:00:00+00:00,Leicester City FC,Aston Villa FC,4,0,H,1920
2020-06-17 00:00:00+00:00,Aston Villa FC,Sheffield United FC,0,0,D,1920
2020-06-17 00:00:00+00:00,Manchester City FC,Arsenal FC,3,0,H,1920
2020-06-19 00:00:00+00:00,Norwich City FC,Southampton FC,0,3,A,1920
2020-06-19 00:00:00+00:00,Tottenham Hotspur FC,Manchester United FC,1,1,D,1920
2020-06-20 00:00:00+00:00,AFC Bournemouth,Crystal Palace FC,0,2,A,1920
2020-06-20 00:00:00+00:00,West Ham United FC,Wolverhampton Wanderers FC,0,2,A,1920
2020-06-20 00:00:00+00:00,Watford FC,Leicester City FC,1,1,D,1920
2020-06-20 00:00:00+00:00,Brighton & Hove Albion FC,Arsenal FC,2,1,H,1920
2020-06-21 00:00:00+00:00,Newcastle United FC,Sheffield United FC,3,0,H,1920
2020-06-21 00:00:00+00:00,Aston Villa FC,Chelsea FC,1,2,A,1920
2020-06-21 00:00:00+00:00,Everton FC,Liverpool FC,0,0,D,1920
2020-06-22 00:00:00+00:00,Manchester City FC,Burnley FC,5,0,H,1920
2020-06-23 00:00:00+00:00,Leicester City FC,Brighton & Hove Albion FC,0,0,D,1920
2020-06-23 00:00:00+00:00,Tottenham Hotspur FC,West Ham United FC,2,0,H,1920
2020-06-24 00:00:00+00:00,Wolverhampton Wanderers FC,AFC Bournemouth,1,0,H,1920
2020-06-24 00:00:00+00:00,Liverpool FC,Crystal Palace FC,4,0,H,1920
2020-06-24 00:00:00+00:00,Norwich City FC,Everton FC,0,1,A,1920
2020-06-24 00:00:00+00:00,Newcastle United FC,Aston Villa FC,1,1,D,1920
2020-06-24 00:00:00+00:00,Manchester United FC,Sheffield United FC,3,0,H,1920
2020-06-25 00:00:00+00:00,Burnley FC,Watford FC,1,0,H,1920
2020-06-25 00:00:00+00:00,Southampton FC,Arsenal FC,0,2,A,1920
2020-06-25 00:00:00+00:00,Chelsea FC,Manchester City FC,2,1,H,1920
2020-06-27 00:00:00+00:00,Aston Villa FC,Wolverhampton Wanderers FC,0,1,A,1920
2020-06-28 00:00:00+00:00,Watford FC,Southampton FC,1,3,A,1920
2020-06-29 00:00:00+00:00,Crystal Palace FC,Burnley FC,0,1,A,1920
2020-06-30 00:00:00+00:00,Brighton & Hove Albion FC,Manchester United FC,0,3,A,1920
2020-07-01 00:00:00+00:00,West Ham United FC,Chelsea FC,3,2,H,1920
2020-07-01 00:00:00+00:00,Everton FC,Leicester City FC,2,1,H,1920
2020-07-01 00:00:00+00:00,AFC Bournemouth,Newcastle United FC,1,4,A,1920
2020-07-01 00:00:00+00:00,Arsenal FC,Norwich City FC,4,0,H,1920
2020-07-02 00:00:00+00:00,Sheffield United FC,Tottenham Hotspur FC,3,1,H,1920
2020-07-02 00:00:00+00:00,Manchester City FC,Liverpool FC,4,0,H,1920
2020-07-04 00:00:00+00:00,Norwich City FC,Brighton & Hove Albion FC,0,1,A,1920
2020-07-04 00:00:00+00:00,Leicester City FC,Crystal Palace FC,3,0,H,1920
2020-07-04 00:00:00+00:00,Manchester United FC,AFC Bournemouth,5,2,H,1920
2020-07-04 00:00:00+00:00,Wolverhampton Wanderers FC,Arsenal FC,0,2,A,1920
2020-07-04 00:00:00+00:00,Chelsea FC,Watford FC,3,0,H,1920
2020-07-05 00:00:00+00:00,Southampton FC,Manchester City FC,1,0,H,1920
2020-07-05 00:00:00+00:00,Liverpool FC,Aston Villa FC,2,0,H,1920
2020-07-05 00:00:00+00:00,Burnley FC,Sheffield United FC,1,1,D,1920
2020-07-05 00:00:00+00:00,Newcastle United FC,West Ham United FC,2,2,D,1920
2020-07-06 00:00:00+00:00,Tottenham Hotspur FC,Everton FC,1,0,H,1920
2020-07-07 00:00:00+00:00,Crystal Palace FC,Chelsea FC,2,3,A,1920
2020-07-07 00:00:00+00:00,Watford FC,Norwich City FC,2,1,H,1920
2020-07-07 00:00:00+00:00,Arsenal FC,Leicester City FC,1,1,D,1920
2020-07-08 00:00:00+00:00,Manchester City FC,Newcastle United FC,5,0,H,1920
2020-07-08 00:00:00+00:00,Sheffield United FC,Wolverhampton Wanderers FC,1,0,H,1920
2020-07-08 00:00:00+00:00,West Ham United FC,Burnley FC,0,1,A,1920
2020-07-08 00:00:00+00:00,Brighton & Hove Albion FC,Liverpool FC,1,3,A,1920
2020-07-09 00:00:00+00:00,Aston Villa FC,Manchester United FC,0,3,A,1920
2020-07-09 00:00:00+00:00,Everton FC,Southampton FC,1,1,D,1920
2020-07-09 00:00:00+00:00,AFC Bournemouth,Tottenham Hotspur FC,0,0,D,1920
2020-07-11 00:00:00+00:00,Norwich City FC,West Ham United FC,0,4,A,1920
2020-07-11 00:00:00+00:00,Watford FC,Newcastle United FC,2,1,H,1920
2020-07-11 00:00:00+00:00,Liverpool FC,Burnley FC,1,1,D,1920
2020-07-11 00:00:00+00:00,Sheffield United FC,Chelsea FC,3,0,H,1920
2020-07-11 00:00:00+00:00,Brighton & Hove Albion FC,Manchester City FC,0,5,A,1920
2020-07-12 00:00:00+00:00,Wolverhampton Wanderers FC,Everton FC,3,0,H,1920
2020-07-12 00:00:00+00:00,Aston Villa FC,Crystal Palace FC,2,0,H,1920
2020-07-12 00:00:00+00:00,Tottenham Hotspur FC,Arsenal FC,2,1,H,1920
2020-07-12 00:00:00+00:00,AFC Bournemouth,Leicester City FC,4,1,H,1920
2020-07-13 00:00:00+00:00,Manchester United FC,Southampton FC,2,2,D,1920
2020-07-14 00:00:00+00:00,Chelsea FC,Norwich City FC,1,0,H,1920
2020-07-15 00:00:00+00:00,Burnley FC,Wolverhampton Wanderers FC,1,1,D,1920
2020-07-15 00:00:00+00:00,Manchester City FC,AFC Bournemouth,2,1,H,1920
2020-07-15 00:00:00+00:00,Newcastle United FC,Tottenham Hotspur FC,1,3,A,1920
2020-07-15 00:00:00+00:00,Arsenal FC,Liverpool FC,2,1,H,1920
2020-07-16 00:00:00+00:00,Everton FC,Aston Villa FC,1,1,D,1920
2020-07-16 00:00:00+00:00,Leicester City FC,Sheffield United FC,2,0,H,1920
2020-07-16 00:00:00+00:00,Crystal Palace FC,Manchester United FC,0,2,A,1920
2020-07-16 00:00:00+00:00,Southampton FC,Brighton & Hove Albion FC,1,1,D,1920
2020-07-17 00:00:00+00:00,West Ham United FC,Watford FC,3,1,H,1920
2020-07-18 00:00:00+00:00,Norwich City FC,Burnley FC,0,2,A,1920
2020-07-19 00:00:00+00:00,Tottenham Hotspur FC,Leicester City FC,3,0,H,1920
2020-07-19 00:00:00+00:00,AFC Bournemouth,Southampton FC,0,2,A,1920
2020-07-20 00:00:00+00:00,Brighton & Hove Albion FC,Newcastle United FC,0,0,D,1920
2020-07-20 00:00:00+00:00,Sheffield United FC,Everton FC,0,1,A,1920
2020-07-20 00:00:00+00:00,Wolverhampton Wanderers FC,Crystal Palace FC,2,0,H,1920
2020-07-21 00:00:00+00:00,Watford FC,Manchester City FC,0,4,A,1920
2020-07-21 00:00:00+00:00,Aston Villa FC,Arsenal FC,1,0,H,1920
2020-07-22 00:00:00+00:00,Manchester United FC,West Ham United FC,1,1,D,1920
2020-07-22 00:00:00+00:00,Liverpool FC,Chelsea FC,5,3,H,1920
2020-07-26 00:00:00+00:00,Newcastle United FC,Liverpool FC,1,3,A,1920
2020-07-26 00:00:00+00:00,West Ham United FC,Aston Villa FC,1,1,D,1920
2020-07-26 00:00:00+00:00,Southampton FC,Sheffield United FC,3,1,H,1920
2020-07-26 00:00:00+00:00,Leicester City FC,Manchester United FC,0,2,A,1920
2020-07-26 00:00:00+00:00,Manchester City FC,Norwich City FC,5,0,H,1920
2020-07-26 00:00:00+00:00,Crystal Palace FC,Tottenham Hotspur FC,1,1,D,1920
2020-07-26 00:00:00+00:00,Arsenal FC,Watford FC,3,2,H,1920
2020-07-26 00:00:00+00:00,Burnley FC,Brighton & Hove Albion FC,1,2,A,1920
2020-07-26 00:00:00+00:00,Everton FC,AFC Bournemouth,1,3,A,1920
2020-07-26 00:00:00+00:00,Chelsea FC,Wolverhampton Wanderers FC,2,0,H,1920
2020-09-12 00:00:00+00:00,Fulham FC,Arsenal FC,0,3,A,2021
2020-09-12 00:00:00+00:00,Crystal Palace FC,Southampton FC,1,0,H,2021
2020-09-12 00:00:00+00:00,Liverpool FC,Leeds United FC,4,3,H,2021
2020-09-12 00:00:00+00:00,West Ham United FC,Newcastle United FC,0,2,A,2021
2020-09-13 00:00:00+00:00,West Brom,Leicester City FC,0,3,A,2021
2020-09-13 00:00:00+00:00,Tottenham Hotspur FC,Everton FC,0,1,A,2021
2020-09-14 00:00:00+00:00,Brighton & Hove Albion FC,Chelsea FC,1,3,A,2021
2020-09-14 00:00:00+00:00,Sheffield United FC,Wolverhampton Wanderers FC,0,2,A,2021
2020-09-19 00:00:00+00:00,Arsenal FC,West Ham United FC,2,1,H,2021
2020-09-19 00:00:00+00:00,Manchester United FC,Crystal Palace FC,1,3,A,2021
2020-09-19 00:00:00+00:00,Everton FC,West Brom,5,2,H,2021
2020-09-19 00:00:00+00:00,Leeds United FC,Fulham FC,4,3,H,2021
2020-09-20 00:00:00+00:00,Southampton FC,Tottenham Hotspur FC,2,5,A,2021
2020-09-20 00:00:00+00:00,Newcastle United FC,Brighton & Hove Albion FC,0,3,A,2021
2020-09-20 00:00:00+00:00,Chelsea FC,Liverpool FC,0,2,A,2021
2020-09-20 00:00:00+00:00,Leicester City FC,Burnley FC,4,2,H,2021
2020-09-21 00:00:00+00:00,Wolverhampton Wanderers FC,Manchester City FC,1,3,A,2021
2020-09-21 00:00:00+00:00,Aston Villa FC,Sheffield United FC,1,0,H,2021
2020-09-26 00:00:00+00:00,Burnley FC,Southampton FC,0,1,A,2021
2020-09-26 00:00:00+00:00,West Brom,Chelsea FC,3,3,D,2021
2020-09-26 00:00:00+00:00,Brighton & Hove Albion FC,Manchester United FC,2,3,A,2021
2020-09-26 00:00:00+00:00,Crystal Palace FC,Everton FC,1,2,A,2021
2020-09-27 00:00:00+00:00,Sheffield United FC,Leeds United FC,0,1,A,2021
2020-09-27 00:00:00+00:00,Tottenham Hotspur FC,Newcastle United FC,1,1,D,2021
2020-09-27 00:00:00+00:00,Manchester City FC,Leicester City FC,2,5,A,2021
2020-09-27 00:00:00+00:00,West Ham United FC,Wolverhampton Wanderers FC,4,0,H,2021
2020-09-28 00:00:00+00:00,Fulham FC,Aston Villa FC,0,3,A,2021
2020-09-28 00:00:00+00:00,Liverpool FC,Arsenal FC,3,1,H,2021
2020-10-03 00:00:00+00:00,Newcastle United FC,Burnley FC,3,1,H,2021
2020-10-03 00:00:00+00:00,Leeds United FC,Manchester City FC,1,1,D,2021
2020-10-03 00:00:00+00:00,Everton FC,Brighton & Hove Albion FC,4,2,H,2021
2020-10-03 00:00:00+00:00,Chelsea FC,Crystal Palace FC,4,0,H,2021
2020-10-04 00:00:00+00:00,Leicester City FC,West Ham United FC,0,3,A,2021
2020-10-04 00:00:00+00:00,Southampton FC,West Brom,2,0,H,2021
2020-10-04 00:00:00+00:00,Arsenal FC,Sheffield United FC,2,1,H,2021
2020-10-04 00:00:00+00:00,Wolverhampton Wanderers FC,Fulham FC,1,0,H,2021
2020-10-04 00:00:00+00:00,Manchester United FC,Tottenham Hotspur FC,1,6,A,2021
2020-10-04 00:00:00+00:00,Aston Villa FC,Liverpool FC,7,2,H,2021
2020-10-17 00:00:00+00:00,Manchester City FC,Arsenal FC,1,0,H,2021
2020-10-17 00:00:00+00:00,Newcastle United FC,Manchester United FC,1,4,A,2021
2020-10-17 00:00:00+00:00,Everton FC,Liverpool FC,2,2,D,2021
2020-10-17 00:00:00+00:00,Chelsea FC,Southampton FC,3,3,D,2021
2020-10-18 00:00:00+00:00,Leicester City FC,Aston Villa FC,0,1,A,2021
2020-10-18 00:00:00+00:00,Tottenham Hotspur FC,West Ham United FC,3,3,D,2021
2020-10-18 00:00:00+00:00,Crystal Palace FC,Brighton & Hove Albion FC,1,1,D,2021
2020-10-18 00:00:00+00:00,Sheffield United FC,Fulham FC,1,1,D,2021
2020-10-19 00:00:00+00:00,West Brom,Burnley FC,0,0,D,2021
2020-10-19 00:00:00+00:00,Leeds United FC,Wolverhampton Wanderers FC,0,1,A,2021
2020-10-23 00:00:00+00:00,Aston Villa FC,Leeds United FC,0,3,A,2021
2020-10-24 00:00:00+00:00,West Ham United FC,Manchester City FC,1,1,D,2021
2020-10-24 00:00:00+00:00,Fulham FC,Crystal Palace FC,1,2,A,2021
2020-10-24 00:00:00+00:00,Manchester United FC,Chelsea FC,0,0,D,2021
2020-10-24 00:00:00+00:00,Liverpool FC,Sheffield United FC,2,1,H,2021
2020-10-25 00:00:00+00:00,Wolverhampton Wanderers FC,Newcastle United FC,1,1,D,2021
2020-10-25 00:00:00+00:00,Arsenal FC,Leicester City FC,0,1,A,2021
2020-10-25 00:00:00+00:00,Southampton FC,Everton FC,2,0,H,2021
2020-10-26 00:00:00+00:00,Brighton & Hove Albion FC,West Brom,1,1,D,2021
2020-10-26 00:00:00+00:00,Burnley FC,Tottenham Hotspur FC,0,1,A,2021
2020-10-30 00:00:00+00:00,Wolverhampton Wanderers FC,Crystal Palace FC,2,0,H,2021
2020-10-31 00:00:00+00:00,Sheffield United FC,Manchester City FC,0,1,A,2021
2020-10-31 00:00:00+00:00,Burnley FC,Chelsea FC,0,3,A,2021
2020-10-31 00:00:00+00:00,Liverpool FC,West Ham United FC,2,1,H,2021
2020-11-01 00:00:00+00:00,Aston Villa FC,Southampton FC,3,4,A,2021
2020-11-01 00:00:00+00:00,Newcastle United FC,Everton FC,2,1,H,2021
2020-11-01 00:00:00+00:00,Manchester United FC,Arsenal FC,0,1,A,2021
2020-11-01 00:00:00+00:00,Tottenham Hotspur FC,Brighton & Hove Albion FC,2,1,H,2021
2020-11-02 00:00:00+00:00,Leeds United FC,Leicester City FC,1,4,A,2021
2020-11-02 00:00:00+00:00,Fulham FC,West Brom,2,0,H,2021
2020-11-06 00:00:00+00:00,Brighton & Hove Albion FC,Burnley FC,0,0,D,2021
2020-11-06 00:00:00+00:00,Southampton FC,Newcastle United FC,2,0,H,2021
2020-11-07 00:00:00+00:00,Everton FC,Manchester United FC,1,3,A,2021
2020-11-07 00:00:00+00:00,Crystal Palace FC,Leeds United FC,4,1,H,2021
2020-11-07 00:00:00+00:00,Chelsea FC,Sheffield United FC,4,1,H,2021
2020-11-07 00:00:00+00:00,West Ham United FC,Fulham FC,1,0,H,2021
2020-11-08 00:00:00+00:00,Manchester City FC,Liverpool FC,1,1,D,2021
2020-11-08 00:00:00+00:00,Arsenal FC,Aston Villa FC,0,3,A,2021
2020-11-08 00:00:00+00:00,West Brom,Tottenham Hotspur FC,0,1,A,2021
2020-11-08 00:00:00+00:00,Leicester City FC,Wolverhampton Wanderers FC,1,0,H,2021
2020-11-21 00:00:00+00:00,Newcastle United FC,Chelsea FC,0,2,A,2021
2020-11-21 00:00:00+00:00,Aston Villa FC,Brighton & Hove Albion FC,1,2,A,2021
2020-11-21 00:00:00+00:00,Tottenham Hotspur FC,Manchester City FC,2,0,H,2021
2020-11-21 00:00:00+00:00,Manchester United FC,West Brom,1,0,H,2021
2020-11-22 00:00:00+00:00,Fulham FC,Everton FC,2,3,A,2021
2020-11-22 00:00:00+00:00,Sheffield United FC,West Ham United FC,0,1,A,2021
2020-11-22 00:00:00+00:00,Leeds United FC,Arsenal FC,0,0,D,2021
2020-11-22 00:00:00+00:00,Liverpool FC,Leicester City FC,3,0,H,2021
2020-11-23 00:00:00+00:00,Burnley FC,Crystal Palace FC,1,0,H,2021
2020-11-23 00:00:00+00:00,Wolverhampton Wanderers FC,Southampton FC,1,1,D,2021
2020-11-27 00:00:00+00:00,Crystal Palace FC,Newcastle United FC,0,2,A,2021
2020-11-28 00:00:00+00:00,Everton FC,Leeds United FC,0,1,A,2021
2020-11-28 00:00:00+00:00,West Brom,Sheffield United FC,1,0,H,2021
2020-11-28 00:00:00+00:00,Brighton & Hove Albion FC,Liverpool FC,1,1,D,2021
2020-11-28 00:00:00+00:00,Manchester City FC,Burnley FC,5,0,H,2021
2020-11-29 00:00:00+00:00,Southampton FC,Manchester United FC,2,3,A,2021
2020-11-29 00:00:00+00:00,Chelsea FC,Tottenham Hotspur FC,0,0,D,2021
2020-11-29 00:00:00+00:00,Arsenal FC,Wolverhampton Wanderers FC,1,2,A,2021
2020-11-30 00:00:00+00:00,Leicester City FC,Fulham FC,1,2,A,2021
2020-11-30 00:00:00+00:00,West Ham United FC,Aston Villa FC,2,1,H,2021
2020-12-05 00:00:00+00:00,Burnley FC,Everton FC,1,1,D,2021
2020-12-05 00:00:00+00:00,Manchester City FC,Fulham FC,2,0,H,2021
2020-12-05 00:00:00+00:00,West Ham United FC,Manchester United FC,1,3,A,2021
2020-12-05 00:00:00+00:00,Chelsea FC,Leeds United FC,3,1,H,2021
2020-12-06 00:00:00+00:00,Liverpool FC,Wolverhampton Wanderers FC,4,0,H,2021
2020-12-06 00:00:00+00:00,Tottenham Hotspur FC,Arsenal FC,2,0,H,2021
2020-12-06 00:00:00+00:00,West Brom,Crystal Palace FC,1,5,A,2021
2020-12-06 00:00:00+00:00,Sheffield United FC,Leicester City FC,1,2,A,2021
2020-12-07 00:00:00+00:00,Brighton & Hove Albion FC,Southampton FC,1,2,A,2021
2020-12-11 00:00:00+00:00,Leeds United FC,West Ham United FC,1,2,A,2021
2020-12-12 00:00:00+00:00,Wolverhampton Wanderers FC,Aston Villa FC,0,1,A,2021
2020-12-12 00:00:00+00:00,Newcastle United FC,West Brom,2,1,H,2021
2020-12-12 00:00:00+00:00,Manchester United FC,Manchester City FC,0,0,D,2021
2020-12-12 00:00:00+00:00,Everton FC,Chelsea FC,1,0,H,2021
2020-12-13 00:00:00+00:00,Leicester City FC,Brighton & Hove Albion FC,3,0,H,2021
2020-12-13 00:00:00+00:00,Fulham FC,Liverpool FC,1,1,D,2021
2020-12-13 00:00:00+00:00,Arsenal FC,Burnley FC,0,1,A,2021
2020-12-13 00:00:00+00:00,Southampton FC,Sheffield United FC,3,0,H,2021
2020-12-13 00:00:00+00:00,Crystal Palace FC,Tottenham Hotspur FC,1,1,D,2021
2020-12-15 00:00:00+00:00,Wolverhampton Wanderers FC,Chelsea FC,2,1,H,2021
2020-12-15 00:00:00+00:00,Manchester City FC,West Brom,1,1,D,2021
2020-12-16 00:00:00+00:00,Arsenal FC,Southampton FC,1,1,D,2021
2020-12-16 00:00:00+00:00,Leeds United FC,Newcastle United FC,5,2,H,2021
2020-12-16 00:00:00+00:00,Leicester City FC,Everton FC,0,2,A,2021
2020-12-16 00:00:00+00:00,Fulham FC,Brighton & Hove Albion FC,0,0,D,2021
2020-12-16 00:00:00+00:00,Liverpool FC,Tottenham Hotspur FC,2,1,H,2021
2020-12-16 00:00:00+00:00,West Ham United FC,Crystal Palace FC,1,1,D,2021
2020-12-17 00:00:00+00:00,Aston Villa FC,Burnley FC,0,0,D,2021
2020-12-17 00:00:00+00:00,Sheffield United FC,Manchester United FC,2,3,A,2021
2020-12-19 00:00:00+00:00,Newcastle United FC,Fulham FC,1,1,D,2021
2020-12-19 00:00:00+00:00,Everton FC,Arsenal FC,2,1,H,2021
2020-12-19 00:00:00+00:00,Crystal Palace FC,Liverpool FC,0,7,A,2021
2020-12-19 00:00:00+00:00,Southampton FC,Manchester City FC,0,1,A,2021
2020-12-20 00:00:00+00:00,Brighton & Hove Albion FC,Sheffield United FC,1,1,D,2021
2020-12-20 00:00:00+00:00,Tottenham Hotspur FC,Leicester City FC,0,2,A,2021
2020-12-20 00:00:00+00:00,Manchester United FC,Leeds United FC,6,2,H,2021
2020-12-20 00:00:00+00:00,West Brom,Aston Villa FC,0,3,A,2021
2020-12-21 00:00:00+00:00,Burnley FC,Wolverhampton Wanderers FC,2,1,H,2021
2020-12-21 00:00:00+00:00,Chelsea FC,West Ham United FC,3,0,H,2021
2020-12-26 00:00:00+00:00,Sheffield United FC,Everton FC,0,1,A,2021
2020-12-26 00:00:00+00:00,Manchester City FC,Newcastle United FC,2,0,H,2021
2020-12-26 00:00:00+00:00,Arsenal FC,Chelsea FC,3,1,H,2021
2020-12-26 00:00:00+00:00,Aston Villa FC,Crystal Palace FC,3,0,H,2021
2020-12-26 00:00:00+00:00,Leicester City FC,Manchester United FC,2,2,D,2021
2020-12-26 00:00:00+00:00,Fulham FC,Southampton FC,0,0,D,2021
2020-12-27 00:00:00+00:00,Leeds United FC,Burnley FC,1,0,H,2021
2020-12-27 00:00:00+00:00,West Ham United FC,Brighton & Hove Albion FC,2,2,D,2021
2020-12-27 00:00:00+00:00,Liverpool FC,West Brom,1,1,D,2021
2020-12-27 00:00:00+00:00,Wolverhampton Wanderers FC,Tottenham Hotspur FC,1,1,D,2021
2020-12-28 00:00:00+00:00,Crystal Palace FC,Leicester City FC,1,1,D,2021
2020-12-28 00:00:00+00:00,Chelsea FC,Aston Villa FC,1,1,D,2021
2020-12-29 00:00:00+00:00,Manchester United FC,Wolverhampton Wanderers FC,1,0,H,2021
2020-12-29 00:00:00+00:00,West Brom,Leeds United FC,0,5,A,2021
2020-12-29 00:00:00+00:00,Southampton FC,West Ham United FC,0,0,D,2021
2020-12-29 00:00:00+00:00,Burnley FC,Sheffield United FC,1,0,H,2021
2020-12-29 00:00:00+00:00,Brighton & Hove Albion FC,Arsenal FC,0,1,A,2021
2020-12-30 00:00:00+00:00,Newcastle United FC,Liverpool FC,0,0,D,2021
2021-01-01 00:00:00+00:00,Everton FC,West Ham United FC,0,1,A,2021
2021-01-01 00:00:00+00:00,Manchester United FC,Aston Villa FC,2,1,H,2021
2021-01-02 00:00:00+00:00,Tottenham Hotspur FC,Leeds United FC,3,0,H,2021
2021-01-02 00:00:00+00:00,Crystal Palace FC,Sheffield United FC,2,0,H,2021
2021-01-02 00:00:00+00:00,Brighton & Hove Albion FC,Wolverhampton Wanderers FC,3,3,D,2021
2021-01-02 00:00:00+00:00,West Brom,Arsenal FC,0,4,A,2021
2021-01-03 00:00:00+00:00,Newcastle United FC,Leicester City FC,1,2,A,2021
2021-01-03 00:00:00+00:00,Chelsea FC,Manchester City FC,1,3,A,2021
2021-01-04 00:00:00+00:00,Southampton FC,Liverpool FC,1,0,H,2021
2021-01-12 00:00:00+00:00,Sheffield United FC,Newcastle United FC,1,0,H,2021
2021-01-12 00:00:00+00:00,Burnley FC,Manchester United FC,0,1,A,2021
2021-01-12 00:00:00+00:00,Wolverhampton Wanderers FC,Everton FC,1,2,A,2021
2021-01-13 00:00:00+00:00,Manchester City FC,Brighton & Hove Albion FC,1,0,H,2021
2021-01-13 00:00:00+00:00,Tottenham Hotspur FC,Fulham FC,1,1,D,2021
2021-01-14 00:00:00+00:00,Arsenal FC,Crystal Palace FC,0,0,D,2021
2021-01-16 00:00:00+00:00,Wolverhampton Wanderers FC,West Brom,2,3,A,2021
2021-01-16 00:00:00+00:00,Leeds United FC,Brighton & Hove Albion FC,0,1,A,2021
2021-01-16 00:00:00+00:00,West Ham United FC,Burnley FC,1,0,H,2021
2021-01-16 00:00:00+00:00,Fulham FC,Chelsea FC,0,1,A,2021
2021-01-16 00:00:00+00:00,Leicester City FC,Southampton FC,2,0,H,2021
2021-01-17 00:00:00+00:00,Manchester City FC,Crystal Palace FC,4,0,H,2021
2021-01-17 00:00:00+00:00,Sheffield United FC,Tottenham Hotspur FC,1,3,A,2021
2021-01-17 00:00:00+00:00,Liverpool FC,Manchester United FC,0,0,D,2021
2021-01-18 00:00:00+00:00,Arsenal FC,Newcastle United FC,3,0,H,2021
2021-01-19 00:00:00+00:00,West Ham United FC,West Brom,2,1,H,2021
2021-01-19 00:00:00+00:00,Leicester City FC,Chelsea FC,2,0,H,2021
2021-01-20 00:00:00+00:00,Manchester City FC,Aston Villa FC,2,0,H,2021
2021-01-20 00:00:00+00:00,Fulham FC,Manchester United FC,1,2,A,2021
2021-01-21 00:00:00+00:00,Liverpool FC,Burnley FC,0,1,A,2021
2021-01-23 00:00:00+00:00,Aston Villa FC,Newcastle United FC,2,0,H,2021
2021-01-26 00:00:00+00:00,Southampton FC,Arsenal FC,1,3,A,2021
2021-01-26 00:00:00+00:00,West Brom,Manchester City FC,0,5,A,2021
2021-01-26 00:00:00+00:00,Newcastle United FC,Leeds United FC,1,2,A,2021
2021-01-26 00:00:00+00:00,Crystal Palace FC,West Ham United FC,2,3,A,2021
2021-01-27 00:00:00+00:00,Burnley FC,Aston Villa FC,3,2,H,2021
2021-01-27 00:00:00+00:00,Chelsea FC,Wolverhampton Wanderers FC,0,0,D,2021
2021-01-27 00:00:00+00:00,Brighton & Hove Albion FC,Fulham FC,0,0,D,2021
2021-01-27 00:00:00+00:00,Everton FC,Leicester City FC,1,1,D,2021
2021-01-27 00:00:00+00:00,Manchester United FC,Sheffield United FC,1,2,A,2021
2021-01-28 00:00:00+00:00,Tottenham Hotspur FC,Liverpool FC,1,3,A,2021
2021-01-30 00:00:00+00:00,Southampton FC,Aston Villa FC,0,1,A,2021
2021-01-30 00:00:00+00:00,West Brom,Fulham FC,2,2,D,2021
2021-01-30 00:00:00+00:00,Arsenal FC,Manchester United FC,0,0,D,2021
2021-01-30 00:00:00+00:00,Crystal Palace FC,Wolverhampton Wanderers FC,1,0,H,2021
2021-01-30 00:00:00+00:00,Everton FC,Newcastle United FC,0,2,A,2021
2021-01-30 00:00:00+00:00,Manchester City FC,Sheffield United FC,1,0,H,2021
2021-01-31 00:00:00+00:00,Chelsea FC,Burnley FC,2,0,H,2021
2021-01-31 00:00:00+00:00,Leicester City FC,Leeds United FC,1,3,A,2021
2021-01-31 00:00:00+00:00,West Ham United FC,Liverpool FC,1,3,A,2021
2021-01-31 00:00:00+00:00,Brighton & Hove Albion FC,Tottenham Hotspur FC,1,0,H,2021
2021-02-02 00:00:00+00:00,Sheffield United FC,West Brom,2,1,H,2021
2021-02-02 00:00:00+00:00,Wolverhampton Wanderers FC,Arsenal FC,2,1,H,2021
2021-02-02 00:00:00+00:00,Manchester United FC,Southampton FC,9,0,H,2021
2021-02-02 00:00:00+00:00,Newcastle United FC,Crystal Palace FC,1,2,A,2021
2021-02-03 00:00:00+00:00,Liverpool FC,Brighton & Hove Albion FC,0,1,A,2021
2021-02-03 00:00:00+00:00,Aston Villa FC,West Ham United FC,1,3,A,2021
2021-02-03 00:00:00+00:00,Leeds United FC,Everton FC,1,2,A,2021
2021-02-03 00:00:00+00:00,Fulham FC,Leicester City FC,0,2,A,2021
2021-02-03 00:00:00+00:00,Burnley FC,Manchester City FC,0,2,A,2021
2021-02-04 00:00:00+00:00,Tottenham Hotspur FC,Chelsea FC,0,1,A,2021
2021-02-06 00:00:00+00:00,Aston Villa FC,Arsenal FC,1,0,H,2021
2021-02-06 00:00:00+00:00,Burnley FC,Brighton & Hove Albion FC,1,1,D,2021
2021-02-06 00:00:00+00:00,Newcastle United FC,Southampton FC,3,2,H,2021
2021-02-06 00:00:00+00:00,Fulham FC,West Ham United FC,0,0,D,2021
2021-02-06 00:00:00+00:00,Manchester United FC,Everton FC,3,3,D,2021
2021-02-07 00:00:00+00:00,Liverpool FC,Manchester City FC,1,4,A,2021
2021-02-07 00:00:00+00:00,Sheffield United FC,Chelsea FC,1,2,A,2021
2021-02-07 00:00:00+00:00,Tottenham Hotspur FC,West Brom,2,0,H,2021
2021-02-07 00:00:00+00:00,Wolverhampton Wanderers FC,Leicester City FC,0,0,D,2021
2021-02-08 00:00:00+00:00,Leeds United FC,Crystal Palace FC,2,0,H,2021
2021-02-13 00:00:00+00:00,Leicester City FC,Liverpool FC,3,1,H,2021
2021-02-13 00:00:00+00:00,Crystal Palace FC,Burnley FC,0,3,A,2021
2021-02-13 00:00:00+00:00,Manchester City FC,Tottenham Hotspur FC,3,0,H,2021
2021-02-13 00:00:00+00:00,Brighton & Hove Albion FC,Aston Villa FC,0,0,D,2021
2021-02-14 00:00:00+00:00,Southampton FC,Wolverhampton Wanderers FC,1,2,A,2021
2021-02-14 00:00:00+00:00,West Brom,Manchester United FC,1,1,D,2021
2021-02-14 00:00:00+00:00,Arsenal FC,Leeds United FC,4,2,H,2021
2021-02-14 00:00:00+00:00,Everton FC,Fulham FC,0,2,A,2021
2021-02-15 00:00:00+00:00,Chelsea FC,Newcastle United FC,2,0,H,2021
2021-02-15 00:00:00+00:00,West Ham United FC,Sheffield United FC,3,0,H,2021
2021-02-17 00:00:00+00:00,Everton FC,Manchester City FC,1,3,A,2021
2021-02-17 00:00:00+00:00,Burnley FC,Fulham FC,1,1,D,2021
2021-02-19 00:00:00+00:00,Wolverhampton Wanderers FC,Leeds United FC,1,0,H,2021
2021-02-20 00:00:00+00:00,Southampton FC,Chelsea FC,1,1,D,2021
2021-02-20 00:00:00+00:00,Burnley FC,West Brom,0,0,D,2021
2021-02-20 00:00:00+00:00,Liverpool FC,Everton FC,0,2,A,2021
2021-02-20 00:00:00+00:00,Fulham FC,Sheffield United FC,1,0,H,2021
2021-02-21 00:00:00+00:00,West Ham United FC,Tottenham Hotspur FC,2,1,H,2021
2021-02-21 00:00:00+00:00,Aston Villa FC,Leicester City FC,1,2,A,2021
2021-02-21 00:00:00+00:00,Arsenal FC,Manchester City FC,0,1,A,2021
2021-02-21 00:00:00+00:00,Manchester United FC,Newcastle United FC,3,1,H,2021
2021-02-22 00:00:00+00:00,Brighton & Hove Albion FC,Crystal Palace FC,1,2,A,2021
2021-02-23 00:00:00+00:00,Leeds United FC,Southampton FC,3,0,H,2021
2021-02-27 00:00:00+00:00,Manchester City FC,West Ham United FC,2,1,H,2021
2021-02-27 00:00:00+00:00,West Brom,Brighton & Hove Albion FC,1,0,H,2021
2021-02-27 00:00:00+00:00,Leeds United FC,Aston Villa FC,0,1,A,2021
2021-02-27 00:00:00+00:00,Newcastle United FC,Wolverhampton Wanderers FC,1,1,D,2021
2021-02-28 00:00:00+00:00,Crystal Palace FC,Fulham FC,0,0,D,2021
2021-02-28 00:00:00+00:00,Leicester City FC,Arsenal FC,1,3,A,2021
2021-02-28 00:00:00+00:00,Tottenham Hotspur FC,Burnley FC,4,0,H,2021
2021-02-28 00:00:00+00:00,Chelsea FC,Manchester United FC,0,0,D,2021
2021-02-28 00:00:00+00:00,Sheffield United FC,Liverpool FC,0,2,A,2021
2021-03-01 00:00:00+00:00,Everton FC,Southampton FC,1,0,H,2021
2021-03-02 00:00:00+00:00,Manchester City FC,Wolverhampton Wanderers FC,4,1,H,2021
2021-03-03 00:00:00+00:00,Burnley FC,Leicester City FC,1,1,D,2021
2021-03-03 00:00:00+00:00,Sheffield United FC,Aston Villa FC,1,0,H,2021
2021-03-03 00:00:00+00:00,Crystal Palace FC,Manchester United FC,0,0,D,2021
2021-03-04 00:00:00+00:00,Fulham FC,Tottenham Hotspur FC,0,1,A,2021
2021-03-04 00:00:00+00:00,West Brom,Everton FC,0,1,A,2021
2021-03-04 00:00:00+00:00,Liverpool FC,Chelsea FC,0,1,A,2021
2021-03-06 00:00:00+00:00,Brighton & Hove Albion FC,Leicester City FC,1,2,A,2021
2021-03-06 00:00:00+00:00,Aston Villa FC,Wolverhampton Wanderers FC,0,0,D,2021
2021-03-06 00:00:00+00:00,Burnley FC,Arsenal FC,1,1,D,2021
2021-03-06 00:00:00+00:00,Sheffield United FC,Southampton FC,0,2,A,2021
2021-03-07 00:00:00+00:00,West Brom,Newcastle United FC,0,0,D,2021
2021-03-07 00:00:00+00:00,Liverpool FC,Fulham FC,0,1,A,2021
2021-03-07 00:00:00+00:00,Manchester City FC,Manchester United FC,0,2,A,2021
2021-03-07 00:00:00+00:00,Tottenham Hotspur FC,Crystal Palace FC,4,1,H,2021
2021-03-08 00:00:00+00:00,Chelsea FC,Everton FC,2,0,H,2021
2021-03-08 00:00:00+00:00,West Ham United FC,Leeds United FC,2,0,H,2021
2021-03-10 00:00:00+00:00,Manchester City FC,Southampton FC,5,2,H,2021
2021-03-12 00:00:00+00:00,Newcastle United FC,Aston Villa FC,1,1,D,2021
2021-03-13 00:00:00+00:00,Fulham FC,Manchester City FC,0,3,A,2021
2021-03-13 00:00:00+00:00,Everton FC,Burnley FC,1,2,A,2021
2021-03-13 00:00:00+00:00,Leeds United FC,Chelsea FC,0,0,D,2021
2021-03-13 00:00:00+00:00,Crystal Palace FC,West Brom,1,0,H,2021
2021-03-14 00:00:00+00:00,Manchester United FC,West Ham United FC,1,0,H,2021
2021-03-14 00:00:00+00:00,Arsenal FC,Tottenham Hotspur FC,2,1,H,2021
2021-03-14 00:00:00+00:00,Southampton FC,Brighton & Hove Albion FC,1,2,A,2021
2021-03-14 00:00:00+00:00,Leicester City FC,Sheffield United FC,5,0,H,2021
2021-03-15 00:00:00+00:00,Wolverhampton Wanderers FC,Liverpool FC,0,1,A,2021
2021-03-19 00:00:00+00:00,Fulham FC,Leeds United FC,1,2,A,2021
2021-03-20 00:00:00+00:00,Brighton & Hove Albion FC,Newcastle United FC,3,0,H,2021
2021-03-21 00:00:00+00:00,West Ham United FC,Arsenal FC,3,3,D,2021
2021-03-21 00:00:00+00:00,Aston Villa FC,Tottenham Hotspur FC,0,2,A,2021
2021-04-03 00:00:00+00:00,Chelsea FC,West Brom,2,5,A,2021
2021-04-03 00:00:00+00:00,Leeds United FC,Sheffield United FC,2,1,H,2021
2021-04-03 00:00:00+00:00,Leicester City FC,Manchester City FC,0,2,A,2021
2021-04-03 00:00:00+00:00,Arsenal FC,Liverpool FC,0,3,A,2021
2021-04-04 00:00:00+00:00,Manchester United FC,Brighton & Hove Albion FC,2,1,H,2021
2021-04-04 00:00:00+00:00,Aston Villa FC,Fulham FC,3,1,H,2021
2021-04-04 00:00:00+00:00,Southampton FC,Burnley FC,3,2,H,2021
2021-04-04 00:00:00+00:00,Newcastle United FC,Tottenham Hotspur FC,2,2,D,2021
2021-04-05 00:00:00+00:00,Everton FC,Crystal Palace FC,1,1,D,2021
2021-04-05 00:00:00+00:00,Wolverhampton Wanderers FC,West Ham United FC,2,3,A,2021
2021-04-09 00:00:00+00:00,Fulham FC,Wolverhampton Wanderers FC,0,1,A,2021
2021-04-10 00:00:00+00:00,Manchester City FC,Leeds United FC,1,2,A,2021
2021-04-10 00:00:00+00:00,Liverpool FC,Aston Villa FC,2,1,H,2021
2021-04-10 00:00:00+00:00,Crystal Palace FC,Chelsea FC,1,4,A,2021
2021-04-11 00:00:00+00:00,Tottenham Hotspur FC,Manchester United FC,1,3,A,2021
2021-04-11 00:00:00+00:00,Sheffield United FC,Arsenal FC,0,3,A,2021
2021-04-11 00:00:00+00:00,West Ham United FC,Leicester City FC,3,2,H,2021
2021-04-11 00:00:00+00:00,Burnley FC,Newcastle United FC,1,2,A,2021
2021-04-12 00:00:00+00:00,West Brom,Southampton FC,3,0,H,2021
2021-04-12 00:00:00+00:00,Brighton & Hove Albion FC,Everton FC,0,0,D,2021
2021-04-16 00:00:00+00:00,Everton FC,Tottenham Hotspur FC,2,2,D,2021
2021-04-17 00:00:00+00:00,Newcastle United FC,West Ham United FC,3,2,H,2021
2021-04-17 00:00:00+00:00,Wolverhampton Wanderers FC,Sheffield United FC,1,0,H,2021
2021-04-18 00:00:00+00:00,Arsenal FC,Fulham FC,1,1,D,2021
2021-04-18 00:00:00+00:00,Manchester United FC,Burnley FC,3,1,H,2021
2021-04-19 00:00:00+00:00,Leeds United FC,Liverpool FC,1,1,D,2021
2021-04-20 00:00:00+00:00,Chelsea FC,Brighton & Hove Albion FC,0,0,D,2021
2021-04-21 00:00:00+00:00,Tottenham Hotspur FC,Southampton FC,2,1,H,2021
2021-04-21 00:00:00+00:00,Aston Villa FC,Manchester City FC,1,2,A,2021
2021-04-22 00:00:00+00:00,Leicester City FC,West Brom,3,0,H,2021
2021-04-23 00:00:00+00:00,Arsenal FC,Everton FC,0,1,A,2021
2021-04-24 00:00:00+00:00,West Ham United FC,Chelsea FC,0,1,A,2021
2021-04-24 00:00:00+00:00,Liverpool FC,Newcastle United FC,1,1,D,2021
2021-04-24 00:00:00+00:00,Sheffield United FC,Brighton & Hove Albion FC,1,0,H,2021
2021-04-25 00:00:00+00:00,Wolverhampton Wanderers FC,Burnley FC,0,4,A,2021
2021-04-25 00:00:00+00:00,Leeds United FC,Manchester United FC,0,0,D,2021
2021-04-25 00:00:00+00:00,Aston Villa FC,West Brom,2,2,D,2021
2021-04-26 00:00:00+00:00,Leicester City FC,Crystal Palace FC,2,1,H,2021
2021-04-30 00:00:00+00:00,Southampton FC,Leicester City FC,1,1,D,2021
2021-05-01 00:00:00+00:00,Crystal Palace FC,Manchester City FC,0,2,A,2021
2021-05-01 00:00:00+00:00,Brighton & Hove Albion FC,Leeds United FC,2,0,H,2021
2021-05-01 00:00:00+00:00,Chelsea FC,Fulham FC,2,0,H,2021
2021-05-01 00:00:00+00:00,Everton FC,Aston Villa FC,1,2,A,2021
2021-05-02 00:00:00+00:00,Newcastle United FC,Arsenal FC,0,2,A,2021
2021-05-02 00:00:00+00:00,Tottenham Hotspur FC,Sheffield United FC,4,0,H,2021
2021-05-03 00:00:00+00:00,Burnley FC,West Ham United FC,1,2,A,2021
2021-05-03 00:00:00+00:00,West Brom,Wolverhampton Wanderers FC,1,1,D,2021
2021-05-07 00:00:00+00:00,Leicester City FC,Newcastle United FC,2,4,A,2021
2021-05-08 00:00:00+00:00,Leeds United FC,Tottenham Hotspur FC,3,1,H,2021
2021-05-08 00:00:00+00:00,Sheffield United FC,Crystal Palace FC,0,2,A,2021
2021-05-08 00:00:00+00:00,Manchester City FC,Chelsea FC,1,2,A,2021
2021-05-08 00:00:00+00:00,Liverpool FC,Southampton FC,2,0,H,2021
2021-05-09 00:00:00+00:00,West Ham United FC,Everton FC,0,1,A,2021
2021-05-09 00:00:00+00:00,Wolverhampton Wanderers FC,Brighton & Hove Albion FC,2,1,H,2021
2021-05-09 00:00:00+00:00,Aston Villa FC,Manchester United FC,1,3,A,2021
2021-05-09 00:00:00+00:00,Arsenal FC,West Brom,3,1,H,2021
2021-05-10 00:00:00+00:00,Fulham FC,Burnley FC,0,2,A,2021
2021-05-11 00:00:00+00:00,Manchester United FC,Leicester City FC,1,2,A,2021
2021-05-11 00:00:00+00:00,Southampton FC,Crystal Palace FC,3,1,H,2021
2021-05-12 00:00:00+00:00,Chelsea FC,Arsenal FC,0,1,A,2021
2021-05-13 00:00:00+00:00,Aston Villa FC,Everton FC,0,0,D,2021
2021-05-13 00:00:00+00:00,Manchester United FC,Liverpool FC,2,4,A,2021
2021-05-14 00:00:00+00:00,Newcastle United FC,Manchester City FC,3,4,A,2021
2021-05-15 00:00:00+00:00,Burnley FC,Leeds United FC,0,4,A,2021
2021-05-15 00:00:00+00:00,Southampton FC,Fulham FC,3,1,H,2021
2021-05-15 00:00:00+00:00,Brighton & Hove Albion FC,West Ham United FC,1,1,D,2021
2021-05-16 00:00:00+00:00,Everton FC,Sheffield United FC,0,1,A,2021
2021-05-16 00:00:00+00:00,West Brom,Liverpool FC,1,2,A,2021
2021-05-16 00:00:00+00:00,Crystal Palace FC,Aston Villa FC,3,2,H,2021
2021-05-16 00:00:00+00:00,Tottenham Hotspur FC,Wolverhampton Wanderers FC,2,0,H,2021
2021-05-18 00:00:00+00:00,Manchester United FC,Fulham FC,1,1,D,2021
2021-05-18 00:00:00+00:00,Southampton FC,Leeds United FC,0,2,A,2021
2021-05-18 00:00:00+00:00,Brighton & Hove Albion FC,Manchester City FC,3,2,H,2021
2021-05-18 00:00:00+00:00,Chelsea FC,Leicester City FC,2,1,H,2021
2021-05-19 00:00:00+00:00,Burnley FC,Liverpool FC,0,3,A,2021
2021-05-19 00:00:00+00:00,Crystal Palace FC,Arsenal FC,1,3,A,2021
2021-05-19 00:00:00+00:00,West Brom,West Ham United FC,1,3,A,2021
2021-05-19 00:00:00+00:00,Newcastle United FC,Sheffield United FC,1,0,H,2021
2021-05-19 00:00:00+00:00,Everton FC,Wolverhampton Wanderers FC,1,0,H,2021
2021-05-19 00:00:00+00:00,Tottenham Hotspur FC,Aston Villa FC,1,2,A,2021
2021-05-23 00:00:00+00:00,Manchester City FC,Everton FC,5,0,H,2021
2021-05-23 00:00:00+00:00,Liverpool FC,Crystal Palace FC,2,0,H,2021
2021-05-23 00:00:00+00:00,West Ham United FC,Southampton FC,3,0,H,2021
2021-05-23 00:00:00+00:00,Sheffield United FC,Burnley FC,1,0,H,2021
2021-05-23 00:00:00+00:00,Wolverhampton Wanderers FC,Manchester United FC,1,2,A,2021
2021-05-23 00:00:00+00:00,Leicester City FC,Tottenham Hotspur FC,2,4,A,2021
2021-05-23 00:00:00+00:00,Fulham FC,Newcastle United FC,0,2,A,2021
2021-05-23 00:00:00+00:00,Arsenal FC,Brighton & Hove Albion FC,2,0,H,2021
2021-05-23 00:00:00+00:00,Leeds United FC,West Brom,3,1,H,2021
2021-05-23 00:00:00+00:00,Aston Villa FC,Chelsea FC,2,1,H,2021
2021-08-13 00:00:00+00:00,Brentford FC,Arsenal FC,2,0,H,2122
2021-08-14 00:00:00+00:00,Manchester United FC,Leeds United FC,5,1,H,2122
2021-08-14 00:00:00+00:00,Burnley FC,Brighton & Hove Albion FC,1,2,A,2122
2021-08-14 00:00:00+00:00,Chelsea FC,Crystal Palace FC,3,0,H,2122
2021-08-14 00:00:00+00:00,Everton FC,Southampton FC,3,1,H,2122
2021-08-14 00:00:00+00:00,Leicester City FC,Wolverhampton Wanderers FC,1,0,H,2122
2021-08-14 00:00:00+00:00,Watford FC,Aston Villa FC,3,2,H,2122
2021-08-14 00:00:00+00:00,Norwich City FC,Liverpool FC,0,3,A,2122
2021-08-15 00:00:00+00:00,Newcastle United FC,West Ham United FC,2,4,A,2122
2021-08-15 00:00:00+00:00,Tottenham Hotspur FC,Manchester City FC,1,0,H,2122
2021-08-21 00:00:00+00:00,Brighton & Hove Albion FC,Watford FC,2,0,H,2122
2021-08-21 00:00:00+00:00,Manchester City FC,Norwich City FC,5,0,H,2122
2021-08-21 00:00:00+00:00,Leeds United FC,Everton FC,2,2,D,2122
2021-08-21 00:00:00+00:00,Liverpool FC,Burnley FC,2,0,H,2122
2021-08-21 00:00:00+00:00,Aston Villa FC,Newcastle United FC,2,0,H,2122
2021-08-21 00:00:00+00:00,Crystal Palace FC,Brentford FC,0,0,D,2122
2021-08-22 00:00:00+00:00,Wolverhampton Wanderers FC,Tottenham Hotspur FC,0,1,A,2122
2021-08-22 00:00:00+00:00,Southampton FC,Manchester United FC,1,1,D,2122
2021-08-22 00:00:00+00:00,Arsenal FC,Chelsea FC,0,2,A,2122
2021-08-23 00:00:00+00:00,West Ham United FC,Leicester City FC,4,1,H,2122
2021-08-28 00:00:00+00:00,West Ham United FC,Crystal Palace FC,2,2,D,2122
2021-08-28 00:00:00+00:00,Liverpool FC,Chelsea FC,1,1,D,2122
2021-08-28 00:00:00+00:00,Norwich City FC,Leicester City FC,1,2,A,2122
2021-08-28 00:00:00+00:00,Aston Villa FC,Brentford FC,1,1,D,2122
2021-08-28 00:00:00+00:00,Brighton & Hove Albion FC,Everton FC,0,2,A,2122
2021-08-28 00:00:00+00:00,Manchester City FC,Arsenal FC,5,0,H,2122
2021-08-28 00:00:00+00:00,Newcastle United FC,Southampton FC,2,2,D,2122
2021-08-29 00:00:00+00:00,Burnley FC,Leeds United FC,1,1,D,2122
2021-08-29 00:00:00+00:00,Tottenham Hotspur FC,Watford FC,1,0,H,2122
2021-08-29 00:00:00+00:00,Wolverhampton Wanderers FC,Manchester United FC,0,1,A,2122
2021-09-11 00:00:00+00:00,Chelsea FC,Aston Villa FC,3,0,H,2122
2021-09-11 00:00:00+00:00,Watford FC,Wolverhampton Wanderers FC,0,2,A,2122
2021-09-11 00:00:00+00:00,Southampton FC,West Ham United FC,0,0,D,2122
2021-09-11 00:00:00+00:00,Manchester United FC,Newcastle United FC,4,1,H,2122
2021-09-11 00:00:00+00:00,Brentford FC,Brighton & Hove Albion FC,0,1,A,2122
2021-09-11 00:00:00+00:00,Arsenal FC,Norwich City FC,1,0,H,2122
2021-09-11 00:00:00+00:00,Crystal Palace FC,Tottenham Hotspur FC,3,0,H,2122
2021-09-11 00:00:00+00:00,Leicester City FC,Manchester City FC,0,1,A,2122
2021-09-12 00:00:00+00:00,Leeds United FC,Liverpool FC,0,3,A,2122
2021-09-13 00:00:00+00:00,Everton FC,Burnley FC,3,1,H,2122
2021-09-17 00:00:00+00:00,Newcastle United FC,Leeds United FC,1,1,D,2122
2021-09-18 00:00:00+00:00,Norwich City FC,Watford FC,1,3,A,2122
2021-09-18 00:00:00+00:00,Aston Villa FC,Everton FC,3,0,H,2122
2021-09-18 00:00:00+00:00,Manchester City FC,Southampton FC,0,0,D,2122
2021-09-18 00:00:00+00:00,Liverpool FC,Crystal Palace FC,3,0,H,2122
2021-09-18 00:00:00+00:00,Burnley FC,Arsenal FC,0,1,A,2122
2021-09-18 00:00:00+00:00,Wolverhampton Wanderers FC,Brentford FC,0,2,A,2122
2021-09-19 00:00:00+00:00,Brighton & Hove Albion FC,Leicester City FC,2,1,H,2122
2021-09-19 00:00:00+00:00,West Ham United FC,Manchester United FC,1,2,A,2122
2021-09-19 00:00:00+00:00,Tottenham Hotspur FC,Chelsea FC,0,3,A,2122
2021-09-25 00:00:00+00:00,Watford FC,Newcastle United FC,1,1,D,2122
2021-09-25 00:00:00+00:00,Leicester City FC,Burnley FC,2,2,D,2122
2021-09-25 00:00:00+00:00,Leeds United FC,West Ham United FC,1,2,A,2122
2021-09-25 00:00:00+00:00,Brentford FC,Liverpool FC,3,3,D,2122
2021-09-25 00:00:00+00:00,Manchester United FC,Aston Villa FC,0,1,A,2122
2021-09-25 00:00:00+00:00,Chelsea FC,Manchester City FC,0,1,A,2122
2021-09-25 00:00:00+00:00,Everton FC,Norwich City FC,2,0,H,2122
2021-09-26 00:00:00+00:00,Southampton FC,Wolverhampton Wanderers FC,0,1,A,2122
2021-09-26 00:00:00+00:00,Arsenal FC,Tottenham Hotspur FC,3,1,H,2122
2021-09-27 00:00:00+00:00,Crystal Palace FC,Brighton & Hove Albion FC,1,1,D,2122
2021-10-02 00:00:00+00:00,Manchester United FC,Everton FC,1,1,D,2122
2021-10-02 00:00:00+00:00,Burnley FC,Norwich City FC,0,0,D,2122
2021-10-02 00:00:00+00:00,Chelsea FC,Southampton FC,3,1,H,2122
2021-10-02 00:00:00+00:00,Leeds United FC,Watford FC,1,0,H,2122
2021-10-02 00:00:00+00:00,Wolverhampton Wanderers FC,Newcastle United FC,2,1,H,2122
2021-10-02 00:00:00+00:00,Brighton & Hove Albion FC,Arsenal FC,0,0,D,2122
2021-10-03 00:00:00+00:00,Liverpool FC,Manchester City FC,2,2,D,2122
2021-10-03 00:00:00+00:00,West Ham United FC,Brentford FC,1,2,A,2122
2021-10-03 00:00:00+00:00,Crystal Palace FC,Leicester City FC,2,2,D,2122
2021-10-03 00:00:00+00:00,Tottenham Hotspur FC,Aston Villa FC,2,1,H,2122
2021-10-16 00:00:00+00:00,Watford FC,Liverpool FC,0,5,A,2122
2021-10-16 00:00:00+00:00,Aston Villa FC,Wolverhampton Wanderers FC,2,3,A,2122
2021-10-16 00:00:00+00:00,Leicester City FC,Manchester United FC,4,2,H,2122
2021-10-16 00:00:00+00:00,Manchester City FC,Burnley FC,2,0,H,2122
2021-10-16 00:00:00+00:00,Norwich City FC,Brighton & Hove Albion FC,0,0,D,2122
2021-10-16 00:00:00+00:00,Southampton FC,Leeds United FC,1,0,H,2122
2021-10-16 00:00:00+00:00,Brentford FC,Chelsea FC,0,1,A,2122
2021-10-17 00:00:00+00:00,Newcastle United FC,Tottenham Hotspur FC,2,3,A,2122
2021-10-17 00:00:00+00:00,Everton FC,West Ham United FC,0,1,A,2122
2021-10-18 00:00:00+00:00,Arsenal FC,Crystal Palace FC,2,2,D,2122
2021-10-22 00:00:00+00:00,Arsenal FC,Aston Villa FC,3,1,H,2122
2021-10-23 00:00:00+00:00,Southampton FC,Burnley FC,2,2,D,2122
2021-10-23 00:00:00+00:00,Leeds United FC,Wolverhampton Wanderers FC,1,1,D,2122
2021-10-23 00:00:00+00:00,Brighton & Hove Albion FC,Manchester City FC,1,4,A,2122
2021-10-23 00:00:00+00:00,Crystal Palace FC,Newcastle United FC,1,1,D,2122
2021-10-23 00:00:00+00:00,Chelsea FC,Norwich City FC,7,0,H,2122
2021-10-23 00:00:00+00:00,Everton FC,Watford FC,2,5,A,2122
2021-10-24 00:00:00+00:00,West Ham United FC,Tottenham Hotspur FC,1,0,H,2122
2021-10-24 00:00:00+00:00,Manchester United FC,Liverpool FC,0,5,A,2122
2021-10-24 00:00:00+00:00,Brentford FC,Leicester City FC,1,2,A,2122
2021-10-30 00:00:00+00:00,Tottenham Hotspur FC,Manchester United FC,0,3,A,2122
2021-10-30 00:00:00+00:00,Watford FC,Southampton FC,0,1,A,2122
2021-10-30 00:00:00+00:00,Newcastle United FC,Chelsea FC,0,3,A,2122
2021-10-30 00:00:00+00:00,Burnley FC,Brentford FC,3,1,H,2122
2021-10-30 00:00:00+00:00,Liverpool FC,Brighton & Hove Albion FC,2,2,D,2122
2021-10-30 00:00:00+00:00,Leicester City FC,Arsenal FC,0,2,A,2122
2021-10-30 00:00:00+00:00,Manchester City FC,Crystal Palace FC,0,2,A,2122
2021-10-31 00:00:00+00:00,Norwich City FC,Leeds United FC,1,2,A,2122
2021-10-31 00:00:00+00:00,Aston Villa FC,West Ham United FC,1,4,A,2122
2021-11-01 00:00:00+00:00,Wolverhampton Wanderers FC,Everton FC,2,1,H,2122
2021-11-05 00:00:00+00:00,Southampton FC,Aston Villa FC,1,0,H,2122
2021-11-06 00:00:00+00:00,Brighton & Hove Albion FC,Newcastle United FC,1,1,D,2122
2021-11-06 00:00:00+00:00,Crystal Palace FC,Wolverhampton Wanderers FC,2,0,H,2122
2021-11-06 00:00:00+00:00,Chelsea FC,Burnley FC,1,1,D,2122
2021-11-06 00:00:00+00:00,Brentford FC,Norwich City FC,1,2,A,2122
2021-11-06 00:00:00+00:00,Manchester United FC,Manchester City FC,0,2,A,2122
2021-11-07 00:00:00+00:00,Arsenal FC,Watford FC,1,0,H,2122
2021-11-07 00:00:00+00:00,Everton FC,Tottenham Hotspur FC,0,0,D,2122
2021-11-07 00:00:00+00:00,Leeds United FC,Leicester City FC,1,1,D,2122
2021-11-07 00:00:00+00:00,West Ham United FC,Liverpool FC,3,2,H,2122
2021-11-20 00:00:00+00:00,Liverpool FC,Arsenal FC,4,0,H,2122
2021-11-20 00:00:00+00:00,Wolverhampton Wanderers FC,West Ham United FC,1,0,H,2122
2021-11-20 00:00:00+00:00,Norwich City FC,Southampton FC,2,1,H,2122
2021-11-20 00:00:00+00:00,Watford FC,Manchester United FC,4,1,H,2122
2021-11-20 00:00:00+00:00,Burnley FC,Crystal Palace FC,3,3,D,2122
2021-11-20 00:00:00+00:00,Aston Villa FC,Brighton & Hove Albion FC,2,0,H,2122
2021-11-20 00:00:00+00:00,Leicester City FC,Chelsea FC,0,3,A,2122
2021-11-20 00:00:00+00:00,Newcastle United FC,Brentford FC,3,3,D,2122
2021-11-21 00:00:00+00:00,Manchester City FC,Everton FC,3,0,H,2122
2021-11-21 00:00:00+00:00,Tottenham Hotspur FC,Leeds United FC,2,1,H,2122
2021-11-27 00:00:00+00:00,Arsenal FC,Newcastle United FC,2,0,H,2122
2021-11-27 00:00:00+00:00,Crystal Palace FC,Aston Villa FC,1,2,A,2122
2021-11-27 00:00:00+00:00,Liverpool FC,Southampton FC,4,0,H,2122
2021-11-27 00:00:00+00:00,Norwich City FC,Wolverhampton Wanderers FC,0,0,D,2122
2021-11-27 00:00:00+00:00,Brighton & Hove Albion FC,Leeds United FC,0,0,D,2122
2021-11-28 00:00:00+00:00,Chelsea FC,Manchester United FC,1,1,D,2122
2021-11-28 00:00:00+00:00,Manchester City FC,West Ham United FC,2,1,H,2122
2021-11-28 00:00:00+00:00,Brentford FC,Everton FC,1,0,H,2122
2021-11-28 00:00:00+00:00,Leicester City FC,Watford FC,4,2,H,2122
2021-11-30 00:00:00+00:00,Newcastle United FC,Norwich City FC,1,1,D,2122
2021-11-30 00:00:00+00:00,Leeds United FC,Crystal Palace FC,1,0,H,2122
2021-12-01 00:00:00+00:00,Aston Villa FC,Manchester City FC,1,2,A,2122
2021-12-01 00:00:00+00:00,Southampton FC,Leicester City FC,2,2,D,2122
2021-12-01 00:00:00+00:00,Watford FC,Chelsea FC,1,2,A,2122
2021-12-01 00:00:00+00:00,West Ham United FC,Brighton & Hove Albion FC,1,1,D,2122
2021-12-01 00:00:00+00:00,Wolverhampton Wanderers FC,Burnley FC,0,0,D,2122
2021-12-01 00:00:00+00:00,Everton FC,Liverpool FC,1,4,A,2122
2021-12-02 00:00:00+00:00,Manchester United FC,Arsenal FC,3,2,H,2122
2021-12-02 00:00:00+00:00,Tottenham Hotspur FC,Brentford FC,2,0,H,2122
2021-12-04 00:00:00+00:00,West Ham United FC,Chelsea FC,3,2,H,2122
2021-12-04 00:00:00+00:00,Newcastle United FC,Burnley FC,1,0,H,2122
2021-12-04 00:00:00+00:00,Southampton FC,Brighton & Hove Albion FC,1,1,D,2122
2021-12-04 00:00:00+00:00,Wolverhampton Wanderers FC,Liverpool FC,0,1,A,2122
2021-12-04 00:00:00+00:00,Watford FC,Manchester City FC,1,3,A,2122
2021-12-05 00:00:00+00:00,Leeds United FC,Brentford FC,2,2,D,2122
2021-12-05 00:00:00+00:00,Manchester United FC,Crystal Palace FC,1,0,H,2122
2021-12-05 00:00:00+00:00,Tottenham Hotspur FC,Norwich City FC,3,0,H,2122
2021-12-05 00:00:00+00:00,Aston Villa FC,Leicester City FC,2,1,H,2122
2021-12-06 00:00:00+00:00,Everton FC,Arsenal FC,2,1,H,2122
2021-12-10 00:00:00+00:00,Brentford FC,Watford FC,2,1,H,2122
2021-12-11 00:00:00+00:00,Manchester City FC,Wolverhampton Wanderers FC,1,0,H,2122
2021-12-11 00:00:00+00:00,Arsenal FC,Southampton FC,3,0,H,2122
2021-12-11 00:00:00+00:00,Chelsea FC,Leeds United FC,3,2,H,2122
2021-12-11 00:00:00+00:00,Liverpool FC,Aston Villa FC,1,0,H,2122
2021-12-11 00:00:00+00:00,Norwich City FC,Manchester United FC,0,1,A,2122
2021-12-12 00:00:00+00:00,Burnley FC,West Ham United FC,0,0,D,2122
2021-12-12 00:00:00+00:00,Leicester City FC,Newcastle United FC,4,0,H,2122
2021-12-12 00:00:00+00:00,Crystal Palace FC,Everton FC,3,1,H,2122
2021-12-14 00:00:00+00:00,Norwich City FC,Aston Villa FC,0,2,A,2122
2021-12-14 00:00:00+00:00,Manchester City FC,Leeds United FC,7,0,H,2122
2021-12-15 00:00:00+00:00,Arsenal FC,West Ham United FC,2,0,H,2122
2021-12-15 00:00:00+00:00,Brighton & Hove Albion FC,Wolverhampton Wanderers FC,0,1,A,2122
2021-12-15 00:00:00+00:00,Crystal Palace FC,Southampton FC,2,2,D,2122
2021-12-16 00:00:00+00:00,Chelsea FC,Everton FC,1,1,D,2122
2021-12-16 00:00:00+00:00,Liverpool FC,Newcastle United FC,3,1,H,2122
2021-12-18 00:00:00+00:00,Leeds United FC,Arsenal FC,1,4,A,2122
2021-12-19 00:00:00+00:00,Newcastle United FC,Manchester City FC,0,4,A,2122
2021-12-19 00:00:00+00:00,Wolverhampton Wanderers FC,Chelsea FC,0,0,D,2122
2021-12-19 00:00:00+00:00,Tottenham Hotspur FC,Liverpool FC,2,2,D,2122
2021-12-26 00:00:00+00:00,Tottenham Hotspur FC,Crystal Palace FC,3,0,H,2122
2021-12-26 00:00:00+00:00,Brighton & Hove Albion FC,Brentford FC,2,0,H,2122
2021-12-26 00:00:00+00:00,Aston Villa FC,Chelsea FC,1,3,A,2122
2021-12-26 00:00:00+00:00,Norwich City FC,Arsenal FC,0,5,A,2122
2021-12-26 00:00:00+00:00,Manchester City FC,Leicester City FC,6,3,H,2122
2021-12-26 00:00:00+00:00,West Ham United FC,Southampton FC,2,3,A,2122
2021-12-27 00:00:00+00:00,Newcastle United FC,Manchester United FC,1,1,D,2122
2021-12-28 00:00:00+00:00,Watford FC,West Ham United FC,1,4,A,2122
2021-12-28 00:00:00+00:00,Crystal Palace FC,Norwich City FC,3,0,H,2122
2021-12-28 00:00:00+00:00,Southampton FC,Tottenham Hotspur FC,1,1,D,2122
2021-12-28 00:00:00+00:00,Leicester City FC,Liverpool FC,1,0,H,2122
2021-12-29 00:00:00+00:00,Chelsea FC,Brighton & Hove Albion FC,1,1,D,2122
2021-12-29 00:00:00+00:00,Brentford FC,Manchester City FC,0,1,A,2122
2021-12-30 00:00:00+00:00,Manchester United FC,Burnley FC,3,1,H,2122
2022-01-01 00:00:00+00:00,Crystal Palace FC,West Ham United FC,2,3,A,2122
2022-01-01 00:00:00+00:00,Watford FC,Tottenham Hotspur FC,0,1,A,2122
2022-01-01 00:00:00+00:00,Arsenal FC,Manchester City FC,1,2,A,2122
2022-01-02 00:00:00+00:00,Brentford FC,Aston Villa FC,2,1,H,2122
2022-01-02 00:00:00+00:00,Everton FC,Brighton & Hove Albion FC,2,3,A,2122
2022-01-02 00:00:00+00:00,Leeds United FC,Burnley FC,3,1,H,2122
2022-01-02 00:00:00+00:00,Chelsea FC,Liverpool FC,2,2,D,2122
2022-01-03 00:00:00+00:00,Manchester United FC,Wolverhampton Wanderers FC,0,1,A,2122
2022-01-11 00:00:00+00:00,Southampton FC,Brentford FC,4,1,H,2122
2022-01-12 00:00:00+00:00,West Ham United FC,Norwich City FC,2,0,H,2122
2022-01-14 00:00:00+00:00,Brighton & Hove Albion FC,Crystal Palace FC,1,1,D,2122
2022-01-15 00:00:00+00:00,Aston Villa FC,Manchester United FC,2,2,D,2122
2022-01-15 00:00:00+00:00,Wolverhampton Wanderers FC,Southampton FC,3,1,H,2122
2022-01-15 00:00:00+00:00,Newcastle United FC,Watford FC,1,1,D,2122
2022-01-15 00:00:00+00:00,Manchester City FC,Chelsea FC,1,0,H,2122
2022-01-15 00:00:00+00:00,Norwich City FC,Everton FC,2,1,H,2122
2022-01-16 00:00:00+00:00,Liverpool FC,Brentford FC,3,0,H,2122
2022-01-16 00:00:00+00:00,West Ham United FC,Leeds United FC,2,3,A,2122
2022-01-18 00:00:00+00:00,Brighton & Hove Albion FC,Chelsea FC,1,1,D,2122
2022-01-19 00:00:00+00:00,Leicester City FC,Tottenham Hotspur FC,2,3,A,2122
2022-01-19 00:00:00+00:00,Brentford FC,Manchester United FC,1,3,A,2122
2022-01-21 00:00:00+00:00,Watford FC,Norwich City FC,0,3,A,2122
2022-01-22 00:00:00+00:00,Southampton FC,Manchester City FC,1,1,D,2122
2022-01-22 00:00:00+00:00,Manchester United FC,West Ham United FC,1,0,H,2122
2022-01-22 00:00:00+00:00,Leeds United FC,Newcastle United FC,0,1,A,2122
2022-01-22 00:00:00+00:00,Brentford FC,Wolverhampton Wanderers FC,1,2,A,2122
2022-01-22 00:00:00+00:00,Everton FC,Aston Villa FC,0,1,A,2122
2022-01-23 00:00:00+00:00,Arsenal FC,Burnley FC,0,0,D,2122
2022-01-23 00:00:00+00:00,Crystal Palace FC,Liverpool FC,1,3,A,2122
2022-01-23 00:00:00+00:00,Leicester City FC,Brighton & Hove Albion FC,1,1,D,2122
2022-01-23 00:00:00+00:00,Chelsea FC,Tottenham Hotspur FC,2,0,H,2122
2022-02-05 00:00:00+00:00,Burnley FC,Watford FC,0,0,D,2122
2022-02-08 00:00:00+00:00,Newcastle United FC,Everton FC,3,1,H,2122
2022-02-08 00:00:00+00:00,West Ham United FC,Watford FC,1,0,H,2122
2022-02-08 00:00:00+00:00,Burnley FC,Manchester United FC,1,1,D,2122
2022-02-09 00:00:00+00:00,Aston Villa FC,Leeds United FC,3,3,D,2122
2022-02-09 00:00:00+00:00,Tottenham Hotspur FC,Southampton FC,2,3,A,2122
2022-02-09 00:00:00+00:00,Norwich City FC,Crystal Palace FC,1,1,D,2122
2022-02-09 00:00:00+00:00,Manchester City FC,Brentford FC,2,0,H,2122
2022-02-10 00:00:00+00:00,Liverpool FC,Leicester City FC,2,0,H,2122
2022-02-10 00:00:00+00:00,Wolverhampton Wanderers FC,Arsenal FC,0,1,A,2122
2022-02-12 00:00:00+00:00,Manchester United FC,Southampton FC,1,1,D,2122
2022-02-12 00:00:00+00:00,Brentford FC,Crystal Palace FC,0,0,D,2122
2022-02-12 00:00:00+00:00,Everton FC,Leeds United FC,3,0,H,2122
2022-02-12 00:00:00+00:00,Watford FC,Brighton & Hove Albion FC,0,2,A,2122
2022-02-12 00:00:00+00:00,Norwich City FC,Manchester City FC,0,4,A,2122
2022-02-13 00:00:00+00:00,Leicester City FC,West Ham United FC,2,2,D,2122
2022-02-13 00:00:00+00:00,Newcastle United FC,Aston Villa FC,1,0,H,2122
2022-02-13 00:00:00+00:00,Burnley FC,Liverpool FC,0,1,A,2122
2022-02-13 00:00:00+00:00,Tottenham Hotspur FC,Wolverhampton Wanderers FC,0,2,A,2122
2022-02-15 00:00:00+00:00,Manchester United FC,Brighton & Hove Albion FC,2,0,H,2122
2022-02-19 00:00:00+00:00,Southampton FC,Everton FC,2,0,H,2122
2022-02-19 00:00:00+00:00,Liverpool FC,Norwich City FC,3,1,H,2122
2022-02-19 00:00:00+00:00,Crystal Palace FC,Chelsea FC,0,1,A,2122
2022-02-19 00:00:00+00:00,Manchester City FC,Tottenham Hotspur FC,2,3,A,2122
2022-02-19 00:00:00+00:00,Aston Villa FC,Watford FC,0,1,A,2122
2022-02-19 00:00:00+00:00,Arsenal FC,Brentford FC,2,1,H,2122
2022-02-19 00:00:00+00:00,West Ham United FC,Newcastle United FC,1,1,D,2122
2022-02-19 00:00:00+00:00,Brighton & Hove Albion FC,Burnley FC,0,3,A,2122
2022-02-20 00:00:00+00:00,Leeds United FC,Manchester United FC,2,4,A,2122
2022-02-20 00:00:00+00:00,Wolverhampton Wanderers FC,Leicester City FC,2,1,H,2122
2022-02-23 00:00:00+00:00,Burnley FC,Tottenham Hotspur FC,1,0,H,2122
2022-02-23 00:00:00+00:00,Watford FC,Crystal Palace FC,1,4,A,2122
2022-02-23 00:00:00+00:00,Liverpool FC,Leeds United FC,6,0,H,2122
2022-02-24 00:00:00+00:00,Arsenal FC,Wolverhampton Wanderers FC,2,1,H,2122
2022-02-25 00:00:00+00:00,Southampton FC,Norwich City FC,2,0,H,2122
2022-02-26 00:00:00+00:00,Brighton & Hove Albion FC,Aston Villa FC,0,2,A,2122
2022-02-26 00:00:00+00:00,Everton FC,Manchester City FC,0,1,A,2122
2022-02-26 00:00:00+00:00,Manchester United FC,Watford FC,0,0,D,2122
2022-02-26 00:00:00+00:00,Crystal Palace FC,Burnley FC,1,1,D,2122
2022-02-26 00:00:00+00:00,Brentford FC,Newcastle United FC,0,2,A,2122
2022-02-26 00:00:00+00:00,Leeds United FC,Tottenham Hotspur FC,0,4,A,2122
2022-02-27 00:00:00+00:00,West Ham United FC,Wolverhampton Wanderers FC,1,0,H,2122
2022-03-01 00:00:00+00:00,Burnley FC,Leicester City FC,0,2,A,2122
2022-03-05 00:00:00+00:00,Liverpool FC,West Ham United FC,1,0,H,2122
2022-03-05 00:00:00+00:00,Wolverhampton Wanderers FC,Crystal Palace FC,0,2,A,2122
2022-03-05 00:00:00+00:00,Newcastle United FC,Brighton & Hove Albion FC,2,1,H,2122
2022-03-05 00:00:00+00:00,Norwich City FC,Brentford FC,1,3,A,2122
2022-03-05 00:00:00+00:00,Aston Villa FC,Southampton FC,4,0,H,2122
2022-03-05 00:00:00+00:00,Leicester City FC,Leeds United FC,1,0,H,2122
2022-03-05 00:00:00+00:00,Burnley FC,Chelsea FC,0,4,A,2122
2022-03-06 00:00:00+00:00,Watford FC,Arsenal FC,2,3,A,2122
2022-03-06 00:00:00+00:00,Manchester City FC,Manchester United FC,4,1,H,2122
2022-03-07 00:00:00+00:00,Tottenham Hotspur FC,Everton FC,5,0,H,2122
2022-03-10 00:00:00+00:00,Wolverhampton Wanderers FC,Watford FC,4,0,H,2122
2022-03-10 00:00:00+00:00,Norwich City FC,Chelsea FC,1,3,A,2122
2022-03-10 00:00:00+00:00,Southampton FC,Newcastle United FC,1,2,A,2122
2022-03-10 00:00:00+00:00,Leeds United FC,Aston Villa FC,0,3,A,2122
2022-03-12 00:00:00+00:00,Brentford FC,Burnley FC,2,0,H,2122
2022-03-12 00:00:00+00:00,Brighton & Hove Albion FC,Liverpool FC,0,2,A,2122
2022-03-12 00:00:00+00:00,Manchester United FC,Tottenham Hotspur FC,3,2,H,2122
2022-03-13 00:00:00+00:00,Arsenal FC,Leicester City FC,2,0,H,2122
2022-03-13 00:00:00+00:00,West Ham United FC,Aston Villa FC,2,1,H,2122
2022-03-13 00:00:00+00:00,Southampton FC,Watford FC,1,2,A,2122
2022-03-13 00:00:00+00:00,Leeds United FC,Norwich City FC,2,1,H,2122
2022-03-13 00:00:00+00:00,Everton FC,Wolverhampton Wanderers FC,0,1,A,2122
2022-03-13 00:00:00+00:00,Chelsea FC,Newcastle United FC,1,0,H,2122
2022-03-14 00:00:00+00:00,Crystal Palace FC,Manchester City FC,0,0,D,2122
2022-03-16 00:00:00+00:00,Brighton & Hove Albion FC,Tottenham Hotspur FC,0,2,A,2122
2022-03-16 00:00:00+00:00,Arsenal FC,Liverpool FC,0,2,A,2122
2022-03-17 00:00:00+00:00,Everton FC,Newcastle United FC,1,0,H,2122
2022-03-18 00:00:00+00:00,Wolverhampton Wanderers FC,Leeds United FC,2,3,A,2122
2022-03-19 00:00:00+00:00,Aston Villa FC,Arsenal FC,0,1,A,2122
2022-03-20 00:00:00+00:00,Leicester City FC,Brentford FC,2,1,H,2122
2022-03-20 00:00:00+00:00,Tottenham Hotspur FC,West Ham United FC,3,1,H,2122
2022-04-02 00:00:00+00:00,Manchester United FC,Leicester City FC,1,1,D,2122
2022-04-02 00:00:00+00:00,Wolverhampton Wanderers FC,Aston Villa FC,2,1,H,2122
2022-04-02 00:00:00+00:00,Leeds United FC,Southampton FC,1,1,D,2122
2022-04-02 00:00:00+00:00,Brighton & Hove Albion FC,Norwich City FC,0,0,D,2122
2022-04-02 00:00:00+00:00,Burnley FC,Manchester City FC,0,2,A,2122
2022-04-02 00:00:00+00:00,Liverpool FC,Watford FC,2,0,H,2122
2022-04-02 00:00:00+00:00,Chelsea FC,Brentford FC,1,4,A,2122
2022-04-03 00:00:00+00:00,West Ham United FC,Everton FC,2,1,H,2122
2022-04-03 00:00:00+00:00,Tottenham Hotspur FC,Newcastle United FC,5,1,H,2122
2022-04-04 00:00:00+00:00,Crystal Palace FC,Arsenal FC,3,0,H,2122
2022-04-06 00:00:00+00:00,Burnley FC,Everton FC,3,2,H,2122
2022-04-08 00:00:00+00:00,Newcastle United FC,Wolverhampton Wanderers FC,1,0,H,2122
2022-04-09 00:00:00+00:00,Aston Villa FC,Tottenham Hotspur FC,0,4,A,2122
2022-04-09 00:00:00+00:00,Watford FC,Leeds United FC,0,3,A,2122
2022-04-09 00:00:00+00:00,Everton FC,Manchester United FC,1,0,H,2122
2022-04-09 00:00:00+00:00,Arsenal FC,Brighton & Hove Albion FC,1,2,A,2122
2022-04-09 00:00:00+00:00,Southampton FC,Chelsea FC,0,6,A,2122
2022-04-10 00:00:00+00:00,Brentford FC,West Ham United FC,2,0,H,2122
2022-04-10 00:00:00+00:00,Leicester City FC,Crystal Palace FC,2,1,H,2122
2022-04-10 00:00:00+00:00,Norwich City FC,Burnley FC,2,0,H,2122
2022-04-10 00:00:00+00:00,Manchester City FC,Liverpool FC,2,2,D,2122
2022-04-16 00:00:00+00:00,Tottenham Hotspur FC,Brighton & Hove Albion FC,0,1,A,2122
2022-04-16 00:00:00+00:00,Manchester United FC,Norwich City FC,3,2,H,2122
2022-04-16 00:00:00+00:00,Southampton FC,Arsenal FC,1,0,H,2122
2022-04-16 00:00:00+00:00,Watford FC,Brentford FC,1,2,A,2122
2022-04-17 00:00:00+00:00,West Ham United FC,Burnley FC,1,1,D,2122
2022-04-17 00:00:00+00:00,Newcastle United FC,Leicester City FC,2,1,H,2122
2022-04-19 00:00:00+00:00,Liverpool FC,Manchester United FC,4,0,H,2122
2022-04-20 00:00:00+00:00,Chelsea FC,Arsenal FC,2,4,A,2122
2022-04-20 00:00:00+00:00,Everton FC,Leicester City FC,1,1,D,2122
2022-04-20 00:00:00+00:00,Newcastle United FC,Crystal Palace FC,1,0,H,2122
2022-04-20 00:00:00+00:00,Manchester City FC,Brighton & Hove Albion FC,3,0,H,2122
2022-04-21 00:00:00+00:00,Burnley FC,Southampton FC,2,0,H,2122
2022-04-23 00:00:00+00:00,Brentford FC,Tottenham Hotspur FC,0,0,D,2122
2022-04-23 00:00:00+00:00,Norwich City FC,Newcastle United FC,0,3,A,2122
2022-04-23 00:00:00+00:00,Manchester City FC,Watford FC,5,1,H,2122
2022-04-23 00:00:00+00:00,Leicester City FC,Aston Villa FC,0,0,D,2122
2022-04-23 00:00:00+00:00,Arsenal FC,Manchester United FC,3,1,H,2122
2022-04-24 00:00:00+00:00,Brighton & Hove Albion FC,Southampton FC,2,2,D,2122
2022-04-24 00:00:00+00:00,Burnley FC,Wolverhampton Wanderers FC,1,0,H,2122
2022-04-24 00:00:00+00:00,Chelsea FC,West Ham United FC,1,0,H,2122
2022-04-24 00:00:00+00:00,Liverpool FC,Everton FC,2,0,H,2122
2022-04-25 00:00:00+00:00,Crystal Palace FC,Leeds United FC,0,0,D,2122
2022-04-28 00:00:00+00:00,Manchester United FC,Chelsea FC,1,1,D,2122
2022-04-30 00:00:00+00:00,Leeds United FC,Manchester City FC,0,4,A,2122
2022-04-30 00:00:00+00:00,Wolverhampton Wanderers FC,Brighton & Hove Albion FC,0,3,A,2122
2022-04-30 00:00:00+00:00,Watford FC,Burnley FC,1,2,A,2122
2022-04-30 00:00:00+00:00,Southampton FC,Crystal Palace FC,1,2,A,2122
2022-04-30 00:00:00+00:00,Aston Villa FC,Norwich City FC,2,0,H,2122
2022-04-30 00:00:00+00:00,Newcastle United FC,Liverpool FC,0,1,A,2122
2022-05-01 00:00:00+00:00,Everton FC,Chelsea FC,1,0,H,2122
2022-05-01 00:00:00+00:00,Tottenham Hotspur FC,Leicester City FC,3,1,H,2122
2022-05-01 00:00:00+00:00,West Ham United FC,Arsenal FC,1,2,A,2122
2022-05-02 00:00:00+00:00,Manchester United FC,Brentford FC,3,0,H,2122
2022-05-07 00:00:00+00:00,Liverpool FC,Tottenham Hotspur FC,1,1,D,2122
2022-05-07 00:00:00+00:00,Crystal Palace FC,Watford FC,1,0,H,2122
2022-05-07 00:00:00+00:00,Brighton & Hove Albion FC,Manchester United FC,4,0,H,2122
2022-05-07 00:00:00+00:00,Burnley FC,Aston Villa FC,1,3,A,2122
2022-05-07 00:00:00+00:00,Chelsea FC,Wolverhampton Wanderers FC,2,2,D,2122
2022-05-07 00:00:00+00:00,Brentford FC,Southampton FC,3,0,H,2122
2022-05-08 00:00:00+00:00,Arsenal FC,Leeds United FC,2,1,H,2122
2022-05-08 00:00:00+00:00,Leicester City FC,Everton FC,1,2,A,2122
2022-05-08 00:00:00+00:00,Norwich City FC,West Ham United FC,0,4,A,2122
2022-05-08 00:00:00+00:00,Manchester City FC,Newcastle United FC,5,0,H,2122
2022-05-10 00:00:00+00:00,Aston Villa FC,Liverpool FC,1,2,A,2122
2022-05-11 00:00:00+00:00,Watford FC,Everton FC,0,0,D,2122
2022-05-11 00:00:00+00:00,Wolverhampton Wanderers FC,Manchester City FC,1,5,A,2122
2022-05-11 00:00:00+00:00,Leeds United FC,Chelsea FC,0,3,A,2122
2022-05-11 00:00:00+00:00,Leicester City FC,Norwich City FC,3,0,H,2122
2022-05-12 00:00:00+00:00,Tottenham Hotspur FC,Arsenal FC,3,0,H,2122
2022-05-15 00:00:00+00:00,Tottenham Hotspur FC,Burnley FC,1,0,H,2122
2022-05-15 00:00:00+00:00,Aston Villa FC,Crystal Palace FC,1,1,D,2122
2022-05-15 00:00:00+00:00,Leeds United FC,Brighton & Hove Albion FC,1,1,D,2122
2022-05-15 00:00:00+00:00,Watford FC,Leicester City FC,1,5,A,2122
2022-05-15 00:00:00+00:00,West Ham United FC,Manchester City FC,2,2,D,2122
2022-05-15 00:00:00+00:00,Wolverhampton Wanderers FC,Norwich City FC,1,1,D,2122
2022-05-15 00:00:00+00:00,Everton FC,Brentford FC,2,3,A,2122
2022-05-16 00:00:00+00:00,Newcastle United FC,Arsenal FC,2,0,H,2122
2022-05-17 00:00:00+00:00,Southampton FC,Liverpool FC,1,2,A,2122
2022-05-19 00:00:00+00:00,Aston Villa FC,Burnley FC,1,1,D,2122
2022-05-19 00:00:00+00:00,Chelsea FC,Leicester City FC,1,1,D,2122
2022-05-19 00:00:00+00:00,Everton FC,Crystal Palace FC,3,2,H,2122
2022-05-22 00:00:00+00:00,Liverpool FC,Wolverhampton Wanderers FC,3,1,H,2122
2022-05-22 00:00:00+00:00,Leicester City FC,Southampton FC,4,1,H,2122
2022-05-22 00:00:00+00:00,Manchester City FC,Aston Villa FC,3,2,H,2122
2022-05-22 00:00:00+00:00,Crystal Palace FC,Manchester United FC,1,0,H,2122
2022-05-22 00:00:00+00:00,Norwich City FC,Tottenham Hotspur FC,0,5,A,2122
2022-05-22 00:00:00+00:00,Burnley FC,Newcastle United FC,1,2,A,2122
2022-05-22 00:00:00+00:00,Brighton & Hove Albion FC,West Ham United FC,3,1,H,2122
2022-05-22 00:00:00+00:00,Brentford FC,Leeds United FC,1,2,A,2122
2022-05-22 00:00:00+00:00,Arsenal FC,Everton FC,5,1,H,2122
2022-05-22 00:00:00+00:00,Chelsea FC,Watford FC,2,1,H,2122
2022-08-05 00:00:00+00:00,Crystal Palace FC,Arsenal FC,0,2,A,2223
2022-08-06 00:00:00+00:00,Tottenham Hotspur FC,Southampton FC,4,1,H,2223
2022-08-06 00:00:00+00:00,Newcastle United FC,Nottingham Forest FC,2,0,H,2223
2022-08-06 00:00:00+00:00,Everton FC,Chelsea FC,0,1,A,2223
2022-08-06 00:00:00+00:00,AFC Bournemouth,Aston Villa FC,2,0,H,2223
2022-08-06 00:00:00+00:00,Fulham FC,Liverpool FC,2,2,D,2223
2022-08-06 00:00:00+00:00,Leeds United FC,Wolverhampton Wanderers FC,2,1,H,2223
2022-08-07 00:00:00+00:00,Leicester City FC,Brentford FC,2,2,D,2223
2022-08-07 00:00:00+00:00,Manchester United FC,Brighton & Hove Albion FC,1,2,A,2223
2022-08-07 00:00:00+00:00,West Ham United FC,Manchester City FC,0,2,A,2223
2022-08-13 00:00:00+00:00,Brentford FC,Manchester United FC,4,0,H,2223
2022-08-13 00:00:00+00:00,Aston Villa FC,Everton FC,2,1,H,2223
2022-08-13 00:00:00+00:00,Arsenal FC,Leicester City FC,4,2,H,2223
2022-08-13 00:00:00+00:00,Brighton & Hove Albion FC,Newcastle United FC,0,0,D,2223
2022-08-13 00:00:00+00:00,Manchester City FC,AFC Bournemouth,4,0,H,2223
2022-08-13 00:00:00+00:00,Southampton FC,Leeds United FC,2,2,D,2223
2022-08-13 00:00:00+00:00,Wolverhampton Wanderers FC,Fulham FC,0,0,D,2223
2022-08-14 00:00:00+00:00,Chelsea FC,Tottenham Hotspur FC,2,2,D,2223
2022-08-14 00:00:00+00:00,Nottingham Forest FC,West Ham United FC,1,0,H,2223
2022-08-15 00:00:00+00:00,Liverpool FC,Crystal Palace FC,1,1,D,2223
2022-08-20 00:00:00+00:00,Tottenham Hotspur FC,Wolverhampton Wanderers FC,1,0,H,2223
2022-08-20 00:00:00+00:00,Crystal Palace FC,Aston Villa FC,3,1,H,2223
2022-08-20 00:00:00+00:00,Everton FC,Nottingham Forest FC,1,1,D,2223
2022-08-20 00:00:00+00:00,Fulham FC,Brentford FC,3,2,H,2223
2022-08-20 00:00:00+00:00,Leicester City FC,Southampton FC,1,2,A,2223
2022-08-20 00:00:00+00:00,AFC Bournemouth,Arsenal FC,0,3,A,2223
2022-08-21 00:00:00+00:00,Leeds United FC,Chelsea FC,3,0,H,2223
2022-08-21 00:00:00+00:00,West Ham United FC,Brighton & Hove Albion FC,0,2,A,2223
2022-08-21 00:00:00+00:00,Newcastle United FC,Manchester City FC,3,3,D,2223
2022-08-22 00:00:00+00:00,Manchester United FC,Liverpool FC,2,1,H,2223
2022-08-27 00:00:00+00:00,Southampton FC,Manchester United FC,0,1,A,2223
2022-08-27 00:00:00+00:00,Brentford FC,Everton FC,1,1,D,2223
2022-08-27 00:00:00+00:00,Brighton & Hove Albion FC,Leeds United FC,1,0,H,2223
2022-08-27 00:00:00+00:00,Chelsea FC,Leicester City FC,2,1,H,2223
2022-08-27 00:00:00+00:00,Liverpool FC,AFC Bournemouth,9,0,H,2223
2022-08-27 00:00:00+00:00,Manchester City FC,Crystal Palace FC,4,2,H,2223
2022-08-27 00:00:00+00:00,Arsenal FC,Fulham FC,2,1,H,2223
2022-08-28 00:00:00+00:00,Aston Villa FC,West Ham United FC,0,1,A,2223
2022-08-28 00:00:00+00:00,Wolverhampton Wanderers FC,Newcastle United FC,1,1,D,2223
2022-08-28 00:00:00+00:00,Nottingham Forest FC,Tottenham Hotspur FC,0,2,A,2223
2022-08-30 00:00:00+00:00,Leeds United FC,Everton FC,1,1,D,2223
2022-08-30 00:00:00+00:00,Southampton FC,Chelsea FC,2,1,H,2223
2022-08-30 00:00:00+00:00,Fulham FC,Brighton & Hove Albion FC,2,1,H,2223
2022-08-30 00:00:00+00:00,Crystal Palace FC,Brentford FC,1,1,D,2223
2022-08-31 00:00:00+00:00,Arsenal FC,Aston Villa FC,2,1,H,2223
2022-08-31 00:00:00+00:00,AFC Bournemouth,Wolverhampton Wanderers FC,0,0,D,2223
2022-08-31 00:00:00+00:00,Manchester City FC,Nottingham Forest FC,6,0,H,2223
2022-08-31 00:00:00+00:00,West Ham United FC,Tottenham Hotspur FC,1,1,D,2223
2022-08-31 00:00:00+00:00,Liverpool FC,Newcastle United FC,2,1,H,2223
2022-09-01 00:00:00+00:00,Leicester City FC,Manchester United FC,0,1,A,2223
2022-09-03 00:00:00+00:00,Aston Villa FC,Manchester City FC,1,1,D,2223
2022-09-03 00:00:00+00:00,Wolverhampton Wanderers FC,Southampton FC,1,0,H,2223
2022-09-03 00:00:00+00:00,Tottenham Hotspur FC,Fulham FC,2,1,H,2223
2022-09-03 00:00:00+00:00,Nottingham Forest FC,AFC Bournemouth,2,3,A,2223
2022-09-03 00:00:00+00:00,Newcastle United FC,Crystal Palace FC,0,0,D,2223
2022-09-03 00:00:00+00:00,Chelsea FC,West Ham United FC,2,1,H,2223
2022-09-03 00:00:00+00:00,Brentford FC,Leeds United FC,5,2,H,2223
2022-09-03 00:00:00+00:00,Everton FC,Liverpool FC,0,0,D,2223
2022-09-04 00:00:00+00:00,Brighton & Hove Albion FC,Leicester City FC,5,2,H,2223
2022-09-04 00:00:00+00:00,Manchester United FC,Arsenal FC,3,1,H,2223
2022-09-16 00:00:00+00:00,Aston Villa FC,Southampton FC,1,0,H,2223
2022-09-16 00:00:00+00:00,Nottingham Forest FC,Fulham FC,2,3,A,2223
2022-09-17 00:00:00+00:00,Wolverhampton Wanderers FC,Manchester City FC,0,3,A,2223
2022-09-17 00:00:00+00:00,Newcastle United FC,AFC Bournemouth,1,1,D,2223
2022-09-17 00:00:00+00:00,Tottenham Hotspur FC,Leicester City FC,6,2,H,2223
2022-09-18 00:00:00+00:00,Everton FC,West Ham United FC,1,0,H,2223
2022-09-18 00:00:00+00:00,Brentford FC,Arsenal FC,0,3,A,2223
2022-10-01 00:00:00+00:00,Arsenal FC,Tottenham Hotspur FC,3,1,H,2223
2022-10-01 00:00:00+00:00,AFC Bournemouth,Brentford FC,0,0,D,2223
2022-10-01 00:00:00+00:00,Crystal Palace FC,Chelsea FC,1,2,A,2223
2022-10-01 00:00:00+00:00,Fulham FC,Newcastle United FC,1,4,A,2223
2022-10-01 00:00:00+00:00,Liverpool FC,Brighton & Hove Albion FC,3,3,D,2223
2022-10-01 00:00:00+00:00,Southampton FC,Everton FC,1,2,A,2223
2022-10-01 00:00:00+00:00,West Ham United FC,Wolverhampton Wanderers FC,2,0,H,2223
2022-10-02 00:00:00+00:00,Manchester City FC,Manchester United FC,6,3,H,2223
2022-10-02 00:00:00+00:00,Leeds United FC,Aston Villa FC,0,0,D,2223
2022-10-03 00:00:00+00:00,Leicester City FC,Nottingham Forest FC,4,0,H,2223
2022-10-08 00:00:00+00:00,Brighton & Hove Albion FC,Tottenham Hotspur FC,0,1,A,2223
2022-10-08 00:00:00+00:00,Newcastle United FC,Brentford FC,5,1,H,2223
2022-10-08 00:00:00+00:00,AFC Bournemouth,Leicester City FC,2,1,H,2223
2022-10-08 00:00:00+00:00,Chelsea FC,Wolverhampton Wanderers FC,3,0,H,2223
2022-10-08 00:00:00+00:00,Manchester City FC,Southampton FC,4,0,H,2223
2022-10-09 00:00:00+00:00,Crystal Palace FC,Leeds United FC,2,1,H,2223
2022-10-09 00:00:00+00:00,West Ham United FC,Fulham FC,3,1,H,2223
2022-10-09 00:00:00+00:00,Arsenal FC,Liverpool FC,3,2,H,2223
2022-10-09 00:00:00+00:00,Everton FC,Manchester United FC,1,2,A,2223
2022-10-10 00:00:00+00:00,Nottingham Forest FC,Aston Villa FC,1,1,D,2223
2022-10-14 00:00:00+00:00,Brentford FC,Brighton & Hove Albion FC,2,0,H,2223
2022-10-15 00:00:00+00:00,Tottenham Hotspur FC,Everton FC,2,0,H,2223
2022-10-15 00:00:00+00:00,Wolverhampton Wanderers FC,Nottingham Forest FC,1,0,H,2223
2022-10-15 00:00:00+00:00,Fulham FC,AFC Bournemouth,2,2,D,2223
2022-10-15 00:00:00+00:00,Leicester City FC,Crystal Palace FC,0,0,D,2223
2022-10-16 00:00:00+00:00,Aston Villa FC,Chelsea FC,0,2,A,2223
2022-10-16 00:00:00+00:00,Leeds United FC,Arsenal FC,0,1,A,2223
2022-10-16 00:00:00+00:00,Manchester United FC,Newcastle United FC,0,0,D,2223
2022-10-16 00:00:00+00:00,Southampton FC,West Ham United FC,1,1,D,2223
2022-10-16 00:00:00+00:00,Liverpool FC,Manchester City FC,1,0,H,2223
2022-10-18 00:00:00+00:00,Brighton & Hove Albion FC,Nottingham Forest FC,0,0,D,2223
2022-10-18 00:00:00+00:00,Crystal Palace FC,Wolverhampton Wanderers FC,2,1,H,2223
2022-10-19 00:00:00+00:00,Manchester United FC,Tottenham Hotspur FC,2,0,H,2223
2022-10-19 00:00:00+00:00,Liverpool FC,West Ham United FC,1,0,H,2223
2022-10-19 00:00:00+00:00,Newcastle United FC,Everton FC,1,0,H,2223
2022-10-19 00:00:00+00:00,AFC Bournemouth,Southampton FC,0,1,A,2223
2022-10-19 00:00:00+00:00,Brentford FC,Chelsea FC,0,0,D,2223
2022-10-20 00:00:00+00:00,Fulham FC,Aston Villa FC,3,0,H,2223
2022-10-20 00:00:00+00:00,Leicester City FC,Leeds United FC,2,0,H,2223
2022-10-22 00:00:00+00:00,Nottingham Forest FC,Liverpool FC,1,0,H,2223
2022-10-22 00:00:00+00:00,Everton FC,Crystal Palace FC,3,0,H,2223
2022-10-22 00:00:00+00:00,Manchester City FC,Brighton & Hove Albion FC,3,1,H,2223
2022-10-22 00:00:00+00:00,Chelsea FC,Manchester United FC,1,1,D,2223
2022-10-23 00:00:00+00:00,Wolverhampton Wanderers FC,Leicester City FC,0,4,A,2223
2022-10-23 00:00:00+00:00,Aston Villa FC,Brentford FC,4,0,H,2223
2022-10-23 00:00:00+00:00,Leeds United FC,Fulham FC,2,3,A,2223
2022-10-23 00:00:00+00:00,Southampton FC,Arsenal FC,1,1,D,2223
2022-10-23 00:00:00+00:00,Tottenham Hotspur FC,Newcastle United FC,1,2,A,2223
2022-10-24 00:00:00+00:00,West Ham United FC,AFC Bournemouth,2,0,H,2223
2022-10-29 00:00:00+00:00,Leicester City FC,Manchester City FC,0,1,A,2223
2022-10-29 00:00:00+00:00,AFC Bournemouth,Tottenham Hotspur FC,2,3,A,2223
2022-10-29 00:00:00+00:00,Brentford FC,Wolverhampton Wanderers FC,1,1,D,2223
2022-10-29 00:00:00+00:00,Brighton & Hove Albion FC,Chelsea FC,4,1,H,2223
2022-10-29 00:00:00+00:00,Crystal Palace FC,Southampton FC,1,0,H,2223
2022-10-29 00:00:00+00:00,Newcastle United FC,Aston Villa FC,4,0,H,2223
2022-10-29 00:00:00+00:00,Fulham FC,Everton FC,0,0,D,2223
2022-10-29 00:00:00+00:00,Liverpool FC,Leeds United FC,1,2,A,2223
2022-10-30 00:00:00+00:00,Arsenal FC,Nottingham Forest FC,5,0,H,2223
2022-10-30 00:00:00+00:00,Manchester United FC,West Ham United FC,1,0,H,2223
2022-11-05 00:00:00+00:00,Everton FC,Leicester City FC,0,2,A,2223
2022-11-05 00:00:00+00:00,Wolverhampton Wanderers FC,Brighton & Hove Albion FC,2,3,A,2223
2022-11-05 00:00:00+00:00,Manchester City FC,Fulham FC,2,1,H,2223
2022-11-05 00:00:00+00:00,Leeds United FC,AFC Bournemouth,4,3,H,2223
2022-11-05 00:00:00+00:00,Nottingham Forest FC,Brentford FC,2,2,D,2223
2022-11-06 00:00:00+00:00,Chelsea FC,Arsenal FC,0,1,A,2223
2022-11-06 00:00:00+00:00,Aston Villa FC,Manchester United FC,3,1,H,2223
2022-11-06 00:00:00+00:00,Southampton FC,Newcastle United FC,1,4,A,2223
2022-11-06 00:00:00+00:00,West Ham United FC,Crystal Palace FC,1,2,A,2223
2022-11-06 00:00:00+00:00,Tottenham Hotspur FC,Liverpool FC,1,2,A,2223
2022-11-12 00:00:00+00:00,West Ham United FC,Leicester City FC,0,2,A,2223
2022-11-12 00:00:00+00:00,Wolverhampton Wanderers FC,Arsenal FC,0,2,A,2223
2022-11-12 00:00:00+00:00,Newcastle United FC,Chelsea FC,1,0,H,2223
2022-11-12 00:00:00+00:00,Tottenham Hotspur FC,Leeds United FC,4,3,H,2223
2022-11-12 00:00:00+00:00,AFC Bournemouth,Everton FC,3,0,H,2223
2022-11-12 00:00:00+00:00,Liverpool FC,Southampton FC,3,1,H,2223
2022-11-12 00:00:00+00:00,Manchester City FC,Brentford FC,1,2,A,2223
2022-11-12 00:00:00+00:00,Nottingham Forest FC,Crystal Palace FC,1,0,H,2223
2022-11-13 00:00:00+00:00,Brighton & Hove Albion FC,Aston Villa FC,1,2,A,2223
2022-11-13 00:00:00+00:00,Fulham FC,Manchester United FC,1,2,A,2223
2022-12-26 00:00:00+00:00,Arsenal FC,West Ham United FC,3,1,H,2223
2022-12-26 00:00:00+00:00,Aston Villa FC,Liverpool FC,1,3,A,2223
2022-12-26 00:00:00+00:00,Leicester City FC,Newcastle United FC,0,3,A,2223
2022-12-26 00:00:00+00:00,Southampton FC,Brighton & Hove Albion FC,1,3,A,2223
2022-12-26 00:00:00+00:00,Crystal Palace FC,Fulham FC,0,3,A,2223
2022-12-26 00:00:00+00:00,Brentford FC,Tottenham Hotspur FC,2,2,D,2223
2022-12-26 00:00:00+00:00,Everton FC,Wolverhampton Wanderers FC,1,2,A,2223
2022-12-27 00:00:00+00:00,Chelsea FC,AFC Bournemouth,2,0,H,2223
2022-12-27 00:00:00+00:00,Manchester United FC,Nottingham Forest FC,3,0,H,2223
2022-12-28 00:00:00+00:00,Leeds United FC,Manchester City FC,1,3,A,2223
2022-12-30 00:00:00+00:00,West Ham United FC,Brentford FC,0,2,A,2223
2022-12-30 00:00:00+00:00,Liverpool FC,Leicester City FC,2,1,H,2223
2022-12-31 00:00:00+00:00,Brighton & Hove Albion FC,Arsenal FC,2,4,A,2223
2022-12-31 00:00:00+00:00,Manchester City FC,Everton FC,1,1,D,2223
2022-12-31 00:00:00+00:00,Newcastle United FC,Leeds United FC,0,0,D,2223
2022-12-31 00:00:00+00:00,AFC Bournemouth,Crystal Palace FC,0,2,A,2223
2022-12-31 00:00:00+00:00,Wolverhampton Wanderers FC,Manchester United FC,0,1,A,2223
2022-12-31 00:00:00+00:00,Fulham FC,Southampton FC,2,1,H,2223
2023-01-01 00:00:00+00:00,Tottenham Hotspur FC,Aston Villa FC,0,2,A,2223
2023-01-01 00:00:00+00:00,Nottingham Forest FC,Chelsea FC,1,1,D,2223
2023-01-02 00:00:00+00:00,Brentford FC,Liverpool FC,3,1,H,2223
2023-01-03 00:00:00+00:00,Arsenal FC,Newcastle United FC,0,0,D,2223
2023-01-03 00:00:00+00:00,Everton FC,Brighton & Hove Albion FC,1,4,A,2223
2023-01-03 00:00:00+00:00,Leicester City FC,Fulham FC,0,1,A,2223
2023-01-03 00:00:00+00:00,Manchester United FC,AFC Bournemouth,3,0,H,2223
2023-01-04 00:00:00+00:00,Crystal Palace FC,Tottenham Hotspur FC,0,4,A,2223
2023-01-04 00:00:00+00:00,Aston Villa FC,Wolverhampton Wanderers FC,1,1,D,2223
2023-01-04 00:00:00+00:00,Leeds United FC,West Ham United FC,2,2,D,2223
2023-01-04 00:00:00+00:00,Southampton FC,Nottingham Forest FC,0,1,A,2223
2023-01-05 00:00:00+00:00,Chelsea FC,Manchester City FC,0,1,A,2223
2023-01-12 00:00:00+00:00,Fulham FC,Chelsea FC,2,1,H,2223
2023-01-13 00:00:00+00:00,Aston Villa FC,Leeds United FC,2,1,H,2223
2023-01-14 00:00:00+00:00,Brentford FC,AFC Bournemouth,2,0,H,2223
2023-01-14 00:00:00+00:00,Manchester United FC,Manchester City FC,2,1,H,2223
2023-01-14 00:00:00+00:00,Brighton & Hove Albion FC,Liverpool FC,3,0,H,2223
2023-01-14 00:00:00+00:00,Everton FC,Southampton FC,1,2,A,2223
2023-01-14 00:00:00+00:00,Nottingham Forest FC,Leicester City FC,2,0,H,2223
2023-01-14 00:00:00+00:00,Wolverhampton Wanderers FC,West Ham United FC,1,0,H,2223
2023-01-15 00:00:00+00:00,Tottenham Hotspur FC,Arsenal FC,0,2,A,2223
2023-01-15 00:00:00+00:00,Chelsea FC,Crystal Palace FC,1,0,H,2223
2023-01-15 00:00:00+00:00,Newcastle United FC,Fulham FC,1,0,H,2223
2023-01-18 00:00:00+00:00,Crystal Palace FC,Manchester United FC,1,1,D,2223
2023-01-19 00:00:00+00:00,Manchester City FC,Tottenham Hotspur FC,4,2,H,2223
2023-01-21 00:00:00+00:00,Liverpool FC,Chelsea FC,0,0,D,2223
2023-01-21 00:00:00+00:00,AFC Bournemouth,Nottingham Forest FC,1,1,D,2223
2023-01-21 00:00:00+00:00,Leicester City FC,Brighton & Hove Albion FC,2,2,D,2223
2023-01-21 00:00:00+00:00,Southampton FC,Aston Villa FC,0,1,A,2223
2023-01-21 00:00:00+00:00,West Ham United FC,Everton FC,2,0,H,2223
2023-01-21 00:00:00+00:00,Crystal Palace FC,Newcastle United FC,0,0,D,2223
2023-01-22 00:00:00+00:00,Manchester City FC,Wolverhampton Wanderers FC,3,0,H,2223
2023-01-22 00:00:00+00:00,Leeds United FC,Brentford FC,0,0,D,2223
2023-01-22 00:00:00+00:00,Arsenal FC,Manchester United FC,3,2,H,2223
2023-01-23 00:00:00+00:00,Fulham FC,Tottenham Hotspur FC,0,1,A,2223
2023-02-03 00:00:00+00:00,Chelsea FC,Fulham FC,0,0,D,2223
2023-02-04 00:00:00+00:00,Everton FC,Arsenal FC,1,0,H,2223
2023-02-04 00:00:00+00:00,Aston Villa FC,Leicester City FC,2,4,A,2223
2023-02-04 00:00:00+00:00,Brentford FC,Southampton FC,3,0,H,2223
2023-02-04 00:00:00+00:00,Brighton & Hove Albion FC,AFC Bournemouth,1,0,H,2223
2023-02-04 00:00:00+00:00,Manchester United FC,Crystal Palace FC,2,1,H,2223
2023-02-04 00:00:00+00:00,Wolverhampton Wanderers FC,Liverpool FC,3,0,H,2223
2023-02-04 00:00:00+00:00,Newcastle United FC,West Ham United FC,1,1,D,2223
2023-02-05 00:00:00+00:00,Tottenham Hotspur FC,Manchester City FC,1,0,H,2223
2023-02-05 00:00:00+00:00,Nottingham Forest FC,Leeds United FC,1,0,H,2223
2023-02-08 00:00:00+00:00,Manchester United FC,Leeds United FC,2,2,D,2223
2023-02-11 00:00:00+00:00,AFC Bournemouth,Newcastle United FC,1,1,D,2223
2023-02-11 00:00:00+00:00,Southampton FC,Wolverhampton Wanderers FC,1,2,A,2223
2023-02-11 00:00:00+00:00,Leicester City FC,Tottenham Hotspur FC,4,1,H,2223
2023-02-11 00:00:00+00:00,West Ham United FC,Chelsea FC,1,1,D,2223
2023-02-11 00:00:00+00:00,Crystal Palace FC,Brighton & Hove Albion FC,1,1,D,2223
2023-02-11 00:00:00+00:00,Arsenal FC,Brentford FC,1,1,D,2223
2023-02-11 00:00:00+00:00,Fulham FC,Nottingham Forest FC,2,0,H,2223
2023-02-12 00:00:00+00:00,Leeds United FC,Manchester United FC,0,2,A,2223
2023-02-12 00:00:00+00:00,Manchester City FC,Aston Villa FC,3,1,H,2223
2023-02-13 00:00:00+00:00,Liverpool FC,Everton FC,2,0,H,2223
2023-02-15 00:00:00+00:00,Arsenal FC,Manchester City FC,1,3,A,2223
2023-02-18 00:00:00+00:00,Newcastle United FC,Liverpool FC,0,2,A,2223
2023-02-18 00:00:00+00:00,Wolverhampton Wanderers FC,AFC Bournemouth,0,1,A,2223
2023-02-18 00:00:00+00:00,Nottingham Forest FC,Manchester City FC,1,1,D,2223
2023-02-18 00:00:00+00:00,Everton FC,Leeds United FC,1,0,H,2223
2023-02-18 00:00:00+00:00,Brentford FC,Crystal Palace FC,1,1,D,2223
2023-02-18 00:00:00+00:00,Brighton & Hove Albion FC,Fulham FC,0,1,A,2223
2023-02-18 00:00:00+00:00,Aston Villa FC,Arsenal FC,2,4,A,2223
2023-02-18 00:00:00+00:00,Chelsea FC,Southampton FC,0,1,A,2223
2023-02-19 00:00:00+00:00,Manchester United FC,Leicester City FC,3,0,H,2223
2023-02-19 00:00:00+00:00,Tottenham Hotspur FC,West Ham United FC,2,0,H,2223
2023-02-24 00:00:00+00:00,Fulham FC,Wolverhampton Wanderers FC,1,1,D,2223
2023-02-25 00:00:00+00:00,AFC Bournemouth,Manchester City FC,1,4,A,2223
2023-02-25 00:00:00+00:00,Crystal Palace FC,Liverpool FC,0,0,D,2223
2023-02-25 00:00:00+00:00,West Ham United FC,Nottingham Forest FC,4,0,H,2223
2023-02-25 00:00:00+00:00,Leeds United FC,Southampton FC,1,0,H,2223
2023-02-25 00:00:00+00:00,Everton FC,Aston Villa FC,0,2,A,2223
2023-02-25 00:00:00+00:00,Leicester City FC,Arsenal FC,0,1,A,2223
2023-02-26 00:00:00+00:00,Tottenham Hotspur FC,Chelsea FC,2,0,H,2223
2023-03-01 00:00:00+00:00,Arsenal FC,Everton FC,4,0,H,2223
2023-03-01 00:00:00+00:00,Liverpool FC,Wolverhampton Wanderers FC,2,0,H,2223
2023-03-04 00:00:00+00:00,Southampton FC,Leicester City FC,1,0,H,2223
2023-03-04 00:00:00+00:00,Wolverhampton Wanderers FC,Tottenham Hotspur FC,1,0,H,2223
2023-03-04 00:00:00+00:00,Chelsea FC,Leeds United FC,1,0,H,2223
2023-03-04 00:00:00+00:00,Brighton & Hove Albion FC,West Ham United FC,4,0,H,2223
2023-03-04 00:00:00+00:00,Aston Villa FC,Crystal Palace FC,1,0,H,2223
2023-03-04 00:00:00+00:00,Arsenal FC,AFC Bournemouth,3,2,H,2223
2023-03-04 00:00:00+00:00,Manchester City FC,Newcastle United FC,2,0,H,2223
2023-03-05 00:00:00+00:00,Nottingham Forest FC,Everton FC,2,2,D,2223
2023-03-05 00:00:00+00:00,Liverpool FC,Manchester United FC,7,0,H,2223
2023-03-06 00:00:00+00:00,Brentford FC,Fulham FC,3,2,H,2223
2023-03-11 00:00:00+00:00,Tottenham Hotspur FC,Nottingham Forest FC,3,1,H,2223
2023-03-11 00:00:00+00:00,Leicester City FC,Chelsea FC,1,3,A,2223
2023-03-11 00:00:00+00:00,Crystal Palace FC,Manchester City FC,0,1,A,2223
2023-03-11 00:00:00+00:00,Everton FC,Brentford FC,1,0,H,2223
2023-03-11 00:00:00+00:00,AFC Bournemouth,Liverpool FC,1,0,H,2223
2023-03-11 00:00:00+00:00,Leeds United FC,Brighton & Hove Albion FC,2,2,D,2223
2023-03-12 00:00:00+00:00,Fulham FC,Arsenal FC,0,3,A,2223
2023-03-12 00:00:00+00:00,Manchester United FC,Southampton FC,0,0,D,2223
2023-03-12 00:00:00+00:00,West Ham United FC,Aston Villa FC,1,1,D,2223
2023-03-12 00:00:00+00:00,Newcastle United FC,Wolverhampton Wanderers FC,2,1,H,2223
2023-03-15 00:00:00+00:00,Brighton & Hove Albion FC,Crystal Palace FC,1,0,H,2223
2023-03-15 00:00:00+00:00,Southampton FC,Brentford FC,0,2,A,2223
2023-03-17 00:00:00+00:00,Nottingham Forest FC,Newcastle United FC,1,2,A,2223
2023-03-18 00:00:00+00:00,Chelsea FC,Everton FC,2,2,D,2223
2023-03-18 00:00:00+00:00,Wolverhampton Wanderers FC,Leeds United FC,2,4,A,2223
2023-03-18 00:00:00+00:00,Brentford FC,Leicester City FC,1,1,D,2223
2023-03-18 00:00:00+00:00,Aston Villa FC,AFC Bournemouth,3,0,H,2223
2023-03-18 00:00:00+00:00,Southampton FC,Tottenham Hotspur FC,3,3,D,2223
2023-03-19 00:00:00+00:00,Arsenal FC,Crystal Palace FC,4,1,H,2223
2023-04-01 00:00:00+00:00,Nottingham Forest FC,Wolverhampton Wanderers FC,1,1,D,2223
2023-04-01 00:00:00+00:00,Manchester City FC,Liverpool FC,4,1,H,2223
2023-04-01 00:00:00+00:00,Arsenal FC,Leeds United FC,4,1,H,2223
2023-04-01 00:00:00+00:00,AFC Bournemouth,Fulham FC,2,1,H,2223
2023-04-01 00:00:00+00:00,Brighton & Hove Albion FC,Brentford FC,3,3,D,2223
2023-04-01 00:00:00+00:00,Crystal Palace FC,Leicester City FC,2,1,H,2223
2023-04-01 00:00:00+00:00,Chelsea FC,Aston Villa FC,0,2,A,2223
2023-04-02 00:00:00+00:00,Newcastle United FC,Manchester United FC,2,0,H,2223
2023-04-02 00:00:00+00:00,West Ham United FC,Southampton FC,1,0,H,2223
2023-04-03 00:00:00+00:00,Everton FC,Tottenham Hotspur FC,1,1,D,2223
2023-04-04 00:00:00+00:00,Chelsea FC,Liverpool FC,0,0,D,2223
2023-04-04 00:00:00+00:00,Leicester City FC,Aston Villa FC,1,2,A,2223
2023-04-04 00:00:00+00:00,AFC Bournemouth,Brighton & Hove Albion FC,0,2,A,2223
2023-04-04 00:00:00+00:00,Leeds United FC,Nottingham Forest FC,2,1,H,2223
2023-04-05 00:00:00+00:00,Manchester United FC,Brentford FC,1,0,H,2223
2023-04-05 00:00:00+00:00,West Ham United FC,Newcastle United FC,1,5,A,2223
2023-04-08 00:00:00+00:00,Wolverhampton Wanderers FC,Chelsea FC,1,0,H,2223
2023-04-08 00:00:00+00:00,Tottenham Hotspur FC,Brighton & Hove Albion FC,2,1,H,2223
2023-04-08 00:00:00+00:00,Leicester City FC,AFC Bournemouth,0,1,A,2223
2023-04-08 00:00:00+00:00,Southampton FC,Manchester City FC,1,4,A,2223
2023-04-08 00:00:00+00:00,Brentford FC,Newcastle United FC,1,2,A,2223
2023-04-08 00:00:00+00:00,Aston Villa FC,Nottingham Forest FC,2,0,H,2223
2023-04-08 00:00:00+00:00,Manchester United FC,Everton FC,2,0,H,2223
2023-04-08 00:00:00+00:00,Fulham FC,West Ham United FC,0,1,A,2223
2023-04-09 00:00:00+00:00,Leeds United FC,Crystal Palace FC,1,5,A,2223
2023-04-09 00:00:00+00:00,Liverpool FC,Arsenal FC,2,2,D,2223
2023-04-15 00:00:00+00:00,Manchester City FC,Leicester City FC,3,1,H,2223
2023-04-15 00:00:00+00:00,Aston Villa FC,Newcastle United FC,3,0,H,2223
2023-04-15 00:00:00+00:00,Chelsea FC,Brighton & Hove Albion FC,1,2,A,2223
2023-04-15 00:00:00+00:00,Everton FC,Fulham FC,1,3,A,2223
2023-04-15 00:00:00+00:00,Southampton FC,Crystal Palace FC,0,2,A,2223
2023-04-15 00:00:00+00:00,Tottenham Hotspur FC,AFC Bournemouth,2,3,A,2223
2023-04-15 00:00:00+00:00,Wolverhampton Wanderers FC,Brentford FC,2,0,H,2223
2023-04-16 00:00:00+00:00,Nottingham Forest FC,Manchester United FC,0,2,A,2223
2023-04-16 00:00:00+00:00,West Ham United FC,Arsenal FC,2,2,D,2223
2023-04-17 00:00:00+00:00,Leeds United FC,Liverpool FC,1,6,A,2223
2023-04-21 00:00:00+00:00,Arsenal FC,Southampton FC,3,3,D,2223
2023-04-22 00:00:00+00:00,Fulham FC,Leeds United FC,2,1,H,2223
2023-04-22 00:00:00+00:00,Brentford FC,Aston Villa FC,1,1,D,2223
2023-04-22 00:00:00+00:00,Crystal Palace FC,Everton FC,0,0,D,2223
2023-04-22 00:00:00+00:00,Leicester City FC,Wolverhampton Wanderers FC,2,1,H,2223
2023-04-22 00:00:00+00:00,Liverpool FC,Nottingham Forest FC,3,2,H,2223
2023-04-23 00:00:00+00:00,AFC Bournemouth,West Ham United FC,0,4,A,2223
2023-04-23 00:00:00+00:00,Newcastle United FC,Tottenham Hotspur FC,6,1,H,2223
2023-04-25 00:00:00+00:00,Leeds United FC,Leicester City FC,1,1,D,2223
2023-04-25 00:00:00+00:00,Wolverhampton Wanderers FC,Crystal Palace FC,2,0,H,2223
2023-04-25 00:00:00+00:00,Aston Villa FC,Fulham FC,1,0,H,2223
2023-04-26 00:00:00+00:00,Nottingham Forest FC,Brighton & Hove Albion FC,3,1,H,2223
2023-04-26 00:00:00+00:00,Chelsea FC,Brentford FC,0,2,A,2223
2023-04-26 00:00:00+00:00,West Ham United FC,Liverpool FC,1,2,A,2223
2023-04-26 00:00:00+00:00,Manchester City FC,Arsenal FC,4,1,H,2223
2023-04-27 00:00:00+00:00,Tottenham Hotspur FC,Manchester United FC,2,2,D,2223
2023-04-27 00:00:00+00:00,Everton FC,Newcastle United FC,1,4,A,2223
2023-04-27 00:00:00+00:00,Southampton FC,AFC Bournemouth,0,1,A,2223
2023-04-29 00:00:00+00:00,Brighton & Hove Albion FC,Wolverhampton Wanderers FC,6,0,H,2223
2023-04-29 00:00:00+00:00,Brentford FC,Nottingham Forest FC,2,1,H,2223
2023-04-29 00:00:00+00:00,Crystal Palace FC,West Ham United FC,4,3,H,2223
2023-04-30 00:00:00+00:00,AFC Bournemouth,Leeds United FC,4,1,H,2223
2023-04-30 00:00:00+00:00,Fulham FC,Manchester City FC,1,2,A,2223
2023-04-30 00:00:00+00:00,Manchester United FC,Aston Villa FC,1,0,H,2223
2023-04-30 00:00:00+00:00,Newcastle United FC,Southampton FC,3,1,H,2223
2023-04-30 00:00:00+00:00,Liverpool FC,Tottenham Hotspur FC,4,3,H,2223
2023-05-01 00:00:00+00:00,Leicester City FC,Everton FC,2,2,D,2223
2023-05-02 00:00:00+00:00,Arsenal FC,Chelsea FC,3,1,H,2223
2023-05-03 00:00:00+00:00,Liverpool FC,Fulham FC,1,0,H,2223
2023-05-03 00:00:00+00:00,Manchester City FC,West Ham United FC,3,0,H,2223
2023-05-04 00:00:00+00:00,Brighton & Hove Albion FC,Manchester United FC,1,0,H,2223
2023-05-06 00:00:00+00:00,Liverpool FC,Brentford FC,1,0,H,2223
2023-05-06 00:00:00+00:00,Wolverhampton Wanderers FC,Aston Villa FC,1,0,H,2223
2023-05-06 00:00:00+00:00,AFC Bournemouth,Chelsea FC,1,3,A,2223
2023-05-06 00:00:00+00:00,Manchester City FC,Leeds United FC,2,1,H,2223
2023-05-06 00:00:00+00:00,Tottenham Hotspur FC,Crystal Palace FC,1,0,H,2223
2023-05-07 00:00:00+00:00,Newcastle United FC,Arsenal FC,0,2,A,2223
2023-05-07 00:00:00+00:00,West Ham United FC,Manchester United FC,1,0,H,2223
2023-05-08 00:00:00+00:00,Fulham FC,Leicester City FC,5,3,H,2223
2023-05-08 00:00:00+00:00,Brighton & Hove Albion FC,Everton FC,1,5,A,2223
2023-05-08 00:00:00+00:00,Nottingham Forest FC,Southampton FC,4,3,H,2223
2023-05-13 00:00:00+00:00,Manchester United FC,Wolverhampton Wanderers FC,2,0,H,2223
2023-05-13 00:00:00+00:00,Southampton FC,Fulham FC,0,2,A,2223
2023-05-13 00:00:00+00:00,Crystal Palace FC,AFC Bournemouth,2,0,H,2223
2023-05-13 00:00:00+00:00,Leeds United FC,Newcastle United FC,2,2,D,2223
2023-05-13 00:00:00+00:00,Aston Villa FC,Tottenham Hotspur FC,2,1,H,2223
2023-05-13 00:00:00+00:00,Chelsea FC,Nottingham Forest FC,2,2,D,2223
2023-05-14 00:00:00+00:00,Brentford FC,West Ham United FC,2,0,H,2223
2023-05-14 00:00:00+00:00,Everton FC,Manchester City FC,0,3,A,2223
2023-05-14 00:00:00+00:00,Arsenal FC,Brighton & Hove Albion FC,0,3,A,2223
2023-05-15 00:00:00+00:00,Leicester City FC,Liverpool FC,0,3,A,2223
2023-05-18 00:00:00+00:00,Newcastle United FC,Brighton & Hove Albion FC,4,1,H,2223
2023-05-20 00:00:00+00:00,Nottingham Forest FC,Arsenal FC,1,0,H,2223
2023-05-20 00:00:00+00:00,Wolverhampton Wanderers FC,Everton FC,1,1,D,2223
2023-05-20 00:00:00+00:00,Liverpool FC,Aston Villa FC,1,1,D,2223
2023-05-20 00:00:00+00:00,AFC Bournemouth,Manchester United FC,0,1,A,2223
2023-05-20 00:00:00+00:00,Tottenham Hotspur FC,Brentford FC,1,3,A,2223
2023-05-20 00:00:00+00:00,Fulham FC,Crystal Palace FC,2,2,D,2223
2023-05-21 00:00:00+00:00,West Ham United FC,Leeds United FC,3,1,H,2223
2023-05-21 00:00:00+00:00,Brighton & Hove Albion FC,Southampton FC,3,1,H,2223
2023-05-21 00:00:00+00:00,Manchester City FC,Chelsea FC,1,0,H,2223
2023-05-22 00:00:00+00:00,Newcastle United FC,Leicester City FC,0,0,D,2223
2023-05-24 00:00:00+00:00,Brighton & Hove Albion FC,Manchester City FC,1,1,D,2223
2023-05-25 00:00:00+00:00,Manchester United FC,Chelsea FC,4,1,H,2223
2023-05-28 00:00:00+00:00,Leicester City FC,West Ham United FC,2,1,H,2223
2023-05-28 00:00:00+00:00,Leeds United FC,Tottenham Hotspur FC,1,4,A,2223
2023-05-28 00:00:00+00:00,Southampton FC,Liverpool FC,4,4,D,2223
2023-05-28 00:00:00+00:00,Manchester United FC,Fulham FC,2,1,H,2223
2023-05-28 00:00:00+00:00,Everton FC,AFC Bournemouth,1,0,H,2223
2023-05-28 00:00:00+00:00,Crystal Palace FC,Nottingham Forest FC,1,1,D,2223
2023-05-28 00:00:00+00:00,Chelsea FC,Newcastle United FC,1,1,D,2223
2023-05-28 00:00:00+00:00,Brentford FC,Manchester City FC,1,0,H,2223
2023-05-28 00:00:00+00:00,Aston Villa FC,Brighton & Hove Albion FC,2,1,H,2223
2023-05-28 00:00:00+00:00,Arsenal FC,Wolverhampton Wanderers FC,5,0,H,2223
2023-08-11 00:00:00+00:00,Burnley FC,Manchester City FC,0,3,A,2324
2023-08-12 00:00:00+00:00,Sheffield United FC,Crystal Palace FC,0,1,A,2324
2023-08-12 00:00:00+00:00,Everton FC,Fulham FC,0,1,A,2324
2023-08-12 00:00:00+00:00,Newcastle United FC,Aston Villa FC,5,1,H,2324
2023-08-12 00:00:00+00:00,AFC Bournemouth,West Ham United FC,1,1,D,2324
2023-08-12 00:00:00+00:00,Arsenal FC,Nottingham Forest FC,2,1,H,2324
2023-08-12 00:00:00+00:00,Brighton & Hove Albion FC,Luton,4,1,H,2324
2023-08-13 00:00:00+00:00,Brentford FC,Tottenham Hotspur FC,2,2,D,2324
2023-08-13 00:00:00+00:00,Chelsea FC,Liverpool FC,1,1,D,2324
2023-08-14 00:00:00+00:00,Manchester United FC,Wolverhampton Wanderers FC,1,0,H,2324
2023-08-18 00:00:00+00:00,Nottingham Forest FC,Sheffield United FC,2,1,H,2324
2023-08-19 00:00:00+00:00,Fulham FC,Brentford FC,0,3,A,2324
2023-08-19 00:00:00+00:00,Liverpool FC,AFC Bournemouth,3,1,H,2324
2023-08-19 00:00:00+00:00,Wolverhampton Wanderers FC,Brighton & Hove Albion FC,1,4,A,2324
2023-08-19 00:00:00+00:00,Tottenham Hotspur FC,Manchester United FC,2,0,H,2324
2023-08-19 00:00:00+00:00,Manchester City FC,Newcastle United FC,1,0,H,2324
2023-08-20 00:00:00+00:00,Aston Villa FC,Everton FC,4,0,H,2324
2023-08-20 00:00:00+00:00,West Ham United FC,Chelsea FC,3,1,H,2324
2023-08-21 00:00:00+00:00,Crystal Palace FC,Arsenal FC,0,1,A,2324
2023-08-25 00:00:00+00:00,Chelsea FC,Luton,3,0,H,2324
2023-08-26 00:00:00+00:00,AFC Bournemouth,Tottenham Hotspur FC,0,2,A,2324
2023-08-26 00:00:00+00:00,Arsenal FC,Fulham FC,2,2,D,2324
2023-08-26 00:00:00+00:00,Brentford FC,Crystal Palace FC,1,1,D,2324
2023-08-26 00:00:00+00:00,Everton FC,Wolverhampton Wanderers FC,0,1,A,2324
2023-08-26 00:00:00+00:00,Manchester United FC,Nottingham Forest FC,3,2,H,2324
2023-08-26 00:00:00+00:00,Brighton & Hove Albion FC,West Ham United FC,1,3,A,2324
2023-08-27 00:00:00+00:00,Burnley FC,Aston Villa FC,1,3,A,2324
2023-08-27 00:00:00+00:00,Sheffield United FC,Manchester City FC,1,2,A,2324
2023-08-27 00:00:00+00:00,Newcastle United FC,Liverpool FC,1,2,A,2324
2023-09-01 00:00:00+00:00,Luton,West Ham United FC,1,2,A,2324
2023-09-02 00:00:00+00:00,Brighton & Hove Albion FC,Newcastle United FC,3,1,H,2324
2023-09-02 00:00:00+00:00,Manchester City FC,Fulham FC,5,1,H,2324
2023-09-02 00:00:00+00:00,Chelsea FC,Nottingham Forest FC,0,1,A,2324
2023-09-02 00:00:00+00:00,Sheffield United FC,Everton FC,2,2,D,2324
2023-09-02 00:00:00+00:00,Brentford FC,AFC Bournemouth,2,2,D,2324
2023-09-02 00:00:00+00:00,Burnley FC,Tottenham Hotspur FC,2,5,A,2324
2023-09-03 00:00:00+00:00,Crystal Palace FC,Wolverhampton Wanderers FC,3,2,H,2324
2023-09-03 00:00:00+00:00,Liverpool FC,Aston Villa FC,3,0,H,2324
2023-09-03 00:00:00+00:00,Arsenal FC,Manchester United FC,3,1,H,2324
2023-09-16 00:00:00+00:00,West Ham United FC,Manchester City FC,1,3,A,2324
2023-09-16 00:00:00+00:00,Newcastle United FC,Brentford FC,1,0,H,2324
2023-09-16 00:00:00+00:00,Tottenham Hotspur FC,Sheffield United FC,2,1,H,2324
2023-09-16 00:00:00+00:00,Manchester United FC,Brighton & Hove Albion FC,1,3,A,2324
2023-09-16 00:00:00+00:00,Fulham FC,Luton,1,0,H,2324
2023-09-16 00:00:00+00:00,Aston Villa FC,Crystal Palace FC,3,1,H,2324
2023-09-16 00:00:00+00:00,Wolverhampton Wanderers FC,Liverpool FC,1,3,A,2324
2023-09-17 00:00:00+00:00,AFC Bournemouth,Chelsea FC,0,0,D,2324
2023-09-17 00:00:00+00:00,Everton FC,Arsenal FC,0,1,A,2324
2023-09-18 00:00:00+00:00,Nottingham Forest FC,Burnley FC,1,1,D,2324
2023-09-23 00:00:00+00:00,Burnley FC,Manchester United FC,0,1,A,2324
2023-09-23 00:00:00+00:00,Manchester City FC,Nottingham Forest FC,2,0,H,2324
2023-09-23 00:00:00+00:00,Brentford FC,Everton FC,1,3,A,2324
2023-09-23 00:00:00+00:00,Crystal Palace FC,Fulham FC,0,0,D,2324
2023-09-23 00:00:00+00:00,Luton,Wolverhampton Wanderers FC,1,1,D,2324
2023-09-24 00:00:00+00:00,Arsenal FC,Tottenham Hotspur FC,2,2,D,2324
2023-09-24 00:00:00+00:00,Brighton & Hove Albion FC,AFC Bournemouth,3,1,H,2324
2023-09-24 00:00:00+00:00,Chelsea FC,Aston Villa FC,0,1,A,2324
2023-09-24 00:00:00+00:00,Liverpool FC,West Ham United FC,3,1,H,2324
2023-09-24 00:00:00+00:00,Sheffield United FC,Newcastle United FC,0,8,A,2324
2023-09-30 00:00:00+00:00,West Ham United FC,Sheffield United FC,2,0,H,2324
2023-09-30 00:00:00+00:00,Tottenham Hotspur FC,Liverpool FC,2,1,H,2324
2023-09-30 00:00:00+00:00,Newcastle United FC,Burnley FC,2,0,H,2324
2023-09-30 00:00:00+00:00,Wolverhampton Wanderers FC,Manchester City FC,2,1,H,2324
2023-09-30 00:00:00+00:00,Everton FC,Luton,1,2,A,2324
2023-09-30 00:00:00+00:00,AFC Bournemouth,Arsenal FC,0,4,A,2324
2023-09-30 00:00:00+00:00,Manchester United FC,Crystal Palace FC,0,1,A,2324
2023-09-30 00:00:00+00:00,Aston Villa FC,Brighton & Hove Albion FC,6,1,H,2324
2023-10-01 00:00:00+00:00,Nottingham Forest FC,Brentford FC,1,1,D,2324
2023-10-02 00:00:00+00:00,Fulham FC,Chelsea FC,0,2,A,2324
2023-10-03 00:00:00+00:00,Luton,Burnley FC,1,2,A,2324
2023-10-07 00:00:00+00:00,Manchester United FC,Brentford FC,2,1,H,2324
2023-10-07 00:00:00+00:00,Fulham FC,Sheffield United FC,3,1,H,2324
2023-10-07 00:00:00+00:00,Crystal Palace FC,Nottingham Forest FC,0,0,D,2324
2023-10-07 00:00:00+00:00,Burnley FC,Chelsea FC,1,4,A,2324
2023-10-07 00:00:00+00:00,Luton,Tottenham Hotspur FC,0,1,A,2324
2023-10-07 00:00:00+00:00,Everton FC,AFC Bournemouth,3,0,H,2324
2023-10-08 00:00:00+00:00,Brighton & Hove Albion FC,Liverpool FC,2,2,D,2324
2023-10-08 00:00:00+00:00,West Ham United FC,Newcastle United FC,2,2,D,2324
2023-10-08 00:00:00+00:00,Wolverhampton Wanderers FC,Aston Villa FC,1,1,D,2324
2023-10-08 00:00:00+00:00,Arsenal FC,Manchester City FC,1,0,H,2324
2023-10-21 00:00:00+00:00,Sheffield United FC,Manchester United FC,1,2,A,2324
2023-10-21 00:00:00+00:00,Liverpool FC,Everton FC,2,0,H,2324
2023-10-21 00:00:00+00:00,AFC Bournemouth,Wolverhampton Wanderers FC,1,2,A,2324
2023-10-21 00:00:00+00:00,Brentford FC,Burnley FC,3,0,H,2324
2023-10-21 00:00:00+00:00,Manchester City FC,Brighton & Hove Albion FC,2,1,H,2324
2023-10-21 00:00:00+00:00,Newcastle United FC,Crystal Palace FC,4,0,H,2324
2023-10-21 00:00:00+00:00,Nottingham Forest FC,Luton,2,2,D,2324
2023-10-21 00:00:00+00:00,Chelsea FC,Arsenal FC,2,2,D,2324
2023-10-22 00:00:00+00:00,Aston Villa FC,West Ham United FC,4,1,H,2324
2023-10-23 00:00:00+00:00,Tottenham Hotspur FC,Fulham FC,2,0,H,2324
2023-10-27 00:00:00+00:00,Crystal Palace FC,Tottenham Hotspur FC,1,2,A,2324
2023-10-28 00:00:00+00:00,Chelsea FC,Brentford FC,0,2,A,2324
2023-10-28 00:00:00+00:00,Arsenal FC,Sheffield United FC,5,0,H,2324
2023-10-28 00:00:00+00:00,AFC Bournemouth,Burnley FC,2,1,H,2324
2023-10-28 00:00:00+00:00,Wolverhampton Wanderers FC,Newcastle United FC,2,2,D,2324
2023-10-29 00:00:00+00:00,West Ham United FC,Everton FC,0,1,A,2324
2023-10-29 00:00:00+00:00,Aston Villa FC,Luton,3,1,H,2324
2023-10-29 00:00:00+00:00,Brighton & Hove Albion FC,Fulham FC,1,1,D,2324
2023-10-29 00:00:00+00:00,Liverpool FC,Nottingham Forest FC,3,0,H,2324
2023-10-29 00:00:00+00:00,Manchester United FC,Manchester City FC,0,3,A,2324
2023-11-04 00:00:00+00:00,Newcastle United FC,Arsenal FC,1,0,H,2324
2023-11-04 00:00:00+00:00,Sheffield United FC,Wolverhampton Wanderers FC,2,1,H,2324
2023-11-04 00:00:00+00:00,Manchester City FC,AFC Bournemouth,6,1,H,2324
2023-11-04 00:00:00+00:00,Fulham FC,Manchester United FC,0,1,A,2324
2023-11-04 00:00:00+00:00,Burnley FC,Crystal Palace FC,0,2,A,2324
2023-11-04 00:00:00+00:00,Brentford FC,West Ham United FC,3,2,H,2324
2023-11-04 00:00:00+00:00,Everton FC,Brighton & Hove Albion FC,1,1,D,2324
2023-11-05 00:00:00+00:00,Nottingham Forest FC,Aston Villa FC,2,0,H,2324
2023-11-05 00:00:00+00:00,Luton,Liverpool FC,1,1,D,2324
2023-11-06 00:00:00+00:00,Tottenham Hotspur FC,Chelsea FC,1,4,A,2324
2023-11-11 00:00:00+00:00,AFC Bournemouth,Newcastle United FC,2,0,H,2324
2023-11-11 00:00:00+00:00,Crystal Palace FC,Everton FC,2,3,A,2324
2023-11-11 00:00:00+00:00,Manchester United FC,Luton,1,0,H,2324
2023-11-11 00:00:00+00:00,Wolverhampton Wanderers FC,Tottenham Hotspur FC,2,1,H,2324
2023-11-11 00:00:00+00:00,Arsenal FC,Burnley FC,3,1,H,2324
2023-11-12 00:00:00+00:00,Aston Villa FC,Fulham FC,3,1,H,2324
2023-11-12 00:00:00+00:00,Brighton & Hove Albion FC,Sheffield United FC,1,1,D,2324
2023-11-12 00:00:00+00:00,Liverpool FC,Brentford FC,3,0,H,2324
2023-11-12 00:00:00+00:00,West Ham United FC,Nottingham Forest FC,3,2,H,2324
2023-11-12 00:00:00+00:00,Chelsea FC,Manchester City FC,4,4,D,2324
2023-11-25 00:00:00+00:00,Nottingham Forest FC,Brighton & Hove Albion FC,2,3,A,2324
2023-11-25 00:00:00+00:00,Brentford FC,Arsenal FC,0,1,A,2324
2023-11-25 00:00:00+00:00,Sheffield United FC,AFC Bournemouth,1,3,A,2324
2023-11-25 00:00:00+00:00,Newcastle United FC,Chelsea FC,4,1,H,2324
2023-11-25 00:00:00+00:00,Luton,Crystal Palace FC,2,1,H,2324
2023-11-25 00:00:00+00:00,Burnley FC,West Ham United FC,1,2,A,2324
2023-11-25 00:00:00+00:00,Manchester City FC,Liverpool FC,1,1,D,2324
2023-11-26 00:00:00+00:00,Tottenham Hotspur FC,Aston Villa FC,1,2,A,2324
2023-11-26 00:00:00+00:00,Everton FC,Manchester United FC,0,3,A,2324
2023-11-27 00:00:00+00:00,Fulham FC,Wolverhampton Wanderers FC,3,2,H,2324
2023-12-02 00:00:00+00:00,Arsenal FC,Wolverhampton Wanderers FC,2,1,H,2324
2023-12-02 00:00:00+00:00,Brentford FC,Luton,3,1,H,2324
2023-12-02 00:00:00+00:00,Burnley FC,Sheffield United FC,5,0,H,2324
2023-12-02 00:00:00+00:00,Nottingham Forest FC,Everton FC,0,1,A,2324
2023-12-02 00:00:00+00:00,Newcastle United FC,Manchester United FC,1,0,H,2324
2023-12-03 00:00:00+00:00,Manchester City FC,Tottenham Hotspur FC,3,3,D,2324
2023-12-03 00:00:00+00:00,West Ham United FC,Crystal Palace FC,1,1,D,2324
2023-12-03 00:00:00+00:00,Chelsea FC,Brighton & Hove Albion FC,3,2,H,2324
2023-12-03 00:00:00+00:00,AFC Bournemouth,Aston Villa FC,2,2,D,2324
2023-12-03 00:00:00+00:00,Liverpool FC,Fulham FC,4,3,H,2324
2023-12-05 00:00:00+00:00,Wolverhampton Wanderers FC,Burnley FC,1,0,H,2324
2023-12-05 00:00:00+00:00,Luton,Arsenal FC,3,4,A,2324
2023-12-06 00:00:00+00:00,Manchester United FC,Chelsea FC,2,1,H,2324
2023-12-06 00:00:00+00:00,Brighton & Hove Albion FC,Brentford FC,2,1,H,2324
2023-12-06 00:00:00+00:00,Crystal Palace FC,AFC Bournemouth,0,2,A,2324
2023-12-06 00:00:00+00:00,Fulham FC,Nottingham Forest FC,5,0,H,2324
2023-12-06 00:00:00+00:00,Sheffield United FC,Liverpool FC,0,2,A,2324
2023-12-06 00:00:00+00:00,Aston Villa FC,Manchester City FC,1,0,H,2324
2023-12-07 00:00:00+00:00,Tottenham Hotspur FC,West Ham United FC,1,2,A,2324
2023-12-07 00:00:00+00:00,Everton FC,Newcastle United FC,3,0,H,2324
2023-12-09 00:00:00+00:00,Crystal Palace FC,Liverpool FC,1,2,A,2324
2023-12-09 00:00:00+00:00,Brighton & Hove Albion FC,Burnley FC,1,1,D,2324
2023-12-09 00:00:00+00:00,Manchester United FC,AFC Bournemouth,0,3,A,2324
2023-12-09 00:00:00+00:00,Sheffield United FC,Brentford FC,1,0,H,2324
2023-12-09 00:00:00+00:00,Wolverhampton Wanderers FC,Nottingham Forest FC,1,1,D,2324
2023-12-09 00:00:00+00:00,Aston Villa FC,Arsenal FC,1,0,H,2324
2023-12-10 00:00:00+00:00,Fulham FC,West Ham United FC,5,0,H,2324
2023-12-10 00:00:00+00:00,Luton,Manchester City FC,1,2,A,2324
2023-12-10 00:00:00+00:00,Everton FC,Chelsea FC,2,0,H,2324
2023-12-10 00:00:00+00:00,Tottenham Hotspur FC,Newcastle United FC,4,1,H,2324
2023-12-15 00:00:00+00:00,Nottingham Forest FC,Tottenham Hotspur FC,0,2,A,2324
2023-12-16 00:00:00+00:00,Chelsea FC,Sheffield United FC,2,0,H,2324
2023-12-16 00:00:00+00:00,Manchester City FC,Crystal Palace FC,2,2,D,2324
2023-12-16 00:00:00+00:00,Newcastle United FC,Fulham FC,3,0,H,2324
2023-12-16 00:00:00+00:00,Burnley FC,Everton FC,0,2,A,2324
2023-12-17 00:00:00+00:00,Arsenal FC,Brighton & Hove Albion FC,2,0,H,2324
2023-12-17 00:00:00+00:00,Brentford FC,Aston Villa FC,1,2,A,2324
2023-12-17 00:00:00+00:00,West Ham United FC,Wolverhampton Wanderers FC,3,0,H,2324
2023-12-17 00:00:00+00:00,Liverpool FC,Manchester United FC,0,0,D,2324
2023-12-21 00:00:00+00:00,Crystal Palace FC,Brighton & Hove Albion FC,1,1,D,2324
2023-12-22 00:00:00+00:00,Aston Villa FC,Sheffield United FC,1,1,D,2324
2023-12-23 00:00:00+00:00,West Ham United FC,Manchester United FC,2,0,H,2324
2023-12-23 00:00:00+00:00,Fulham FC,Burnley FC,0,2,A,2324
2023-12-23 00:00:00+00:00,Luton,Newcastle United FC,1,0,H,2324
2023-12-23 00:00:00+00:00,Nottingham Forest FC,AFC Bournemouth,2,3,A,2324
2023-12-23 00:00:00+00:00,Tottenham Hotspur FC,Everton FC,2,1,H,2324
2023-12-23 00:00:00+00:00,Liverpool FC,Arsenal FC,1,1,D,2324
2023-12-24 00:00:00+00:00,Wolverhampton Wanderers FC,Chelsea FC,2,1,H,2324
2023-12-26 00:00:00+00:00,Burnley FC,Liverpool FC,0,2,A,2324
2023-12-26 00:00:00+00:00,Sheffield United FC,Luton,2,3,A,2324
2023-12-26 00:00:00+00:00,Manchester United FC,Aston Villa FC,3,2,H,2324
2023-12-26 00:00:00+00:00,Newcastle United FC,Nottingham Forest FC,1,3,A,2324
2023-12-26 00:00:00+00:00,AFC Bournemouth,Fulham FC,3,0,H,2324
2023-12-27 00:00:00+00:00,Everton FC,Manchester City FC,1,3,A,2324
2023-12-27 00:00:00+00:00,Chelsea FC,Crystal Palace FC,2,1,H,2324
2023-12-27 00:00:00+00:00,Brentford FC,Wolverhampton Wanderers FC,1,4,A,2324
2023-12-28 00:00:00+00:00,Brighton & Hove Albion FC,Tottenham Hotspur FC,4,2,H,2324
2023-12-28 00:00:00+00:00,Arsenal FC,West Ham United FC,0,2,A,2324
2023-12-30 00:00:00+00:00,Luton,Chelsea FC,2,3,A,2324
2023-12-30 00:00:00+00:00,Aston Villa FC,Burnley FC,3,2,H,2324
2023-12-30 00:00:00+00:00,Crystal Palace FC,Brentford FC,3,1,H,2324
2023-12-30 00:00:00+00:00,Manchester City FC,Sheffield United FC,2,0,H,2324
2023-12-30 00:00:00+00:00,Wolverhampton Wanderers FC,Everton FC,3,0,H,2324
2023-12-30 00:00:00+00:00,Nottingham Forest FC,Manchester United FC,2,1,H,2324
2023-12-31 00:00:00+00:00,Tottenham Hotspur FC,AFC Bournemouth,3,1,H,2324
2023-12-31 00:00:00+00:00,Fulham FC,Arsenal FC,2,1,H,2324
2024-01-01 00:00:00+00:00,Liverpool FC,Newcastle United FC,4,2,H,2324
2024-01-02 00:00:00+00:00,West Ham United FC,Brighton & Hove Albion FC,0,0,D,2324
2024-01-12 00:00:00+00:00,Burnley FC,Luton,1,1,D,2324
2024-01-13 00:00:00+00:00,Chelsea FC,Fulham FC,1,0,H,2324
2024-01-13 00:00:00+00:00,Newcastle United FC,Manchester City FC,2,3,A,2324
2024-01-14 00:00:00+00:00,Everton FC,Aston Villa FC,0,0,D,2324
2024-01-14 00:00:00+00:00,Manchester United FC,Tottenham Hotspur FC,2,2,D,2324
2024-01-20 00:00:00+00:00,Arsenal FC,Crystal Palace FC,5,0,H,2324
2024-01-20 00:00:00+00:00,Brentford FC,Nottingham Forest FC,3,2,H,2324
2024-01-21 00:00:00+00:00,Sheffield United FC,West Ham United FC,2,2,D,2324
2024-01-21 00:00:00+00:00,AFC Bournemouth,Liverpool FC,0,4,A,2324
2024-01-22 00:00:00+00:00,Brighton & Hove Albion FC,Wolverhampton Wanderers FC,0,0,D,2324
2024-01-30 00:00:00+00:00,Nottingham Forest FC,Arsenal FC,1,2,A,2324
2024-01-30 00:00:00+00:00,Fulham FC,Everton FC,0,0,D,2324
2024-01-30 00:00:00+00:00,Luton,Brighton & Hove Albion FC,4,0,H,2324
2024-01-30 00:00:00+00:00,Crystal Palace FC,Sheffield United FC,3,2,H,2324
2024-01-30 00:00:00+00:00,Aston Villa FC,Newcastle United FC,1,3,A,2324
2024-01-31 00:00:00+00:00,Manchester City FC,Burnley FC,3,1,H,2324
2024-01-31 00:00:00+00:00,Tottenham Hotspur FC,Brentford FC,3,2,H,2324
2024-01-31 00:00:00+00:00,Liverpool FC,Chelsea FC,4,1,H,2324
2024-02-01 00:00:00+00:00,West Ham United FC,AFC Bournemouth,1,1,D,2324
2024-02-01 00:00:00+00:00,Wolverhampton Wanderers FC,Manchester United FC,3,4,A,2324
2024-02-03 00:00:00+00:00,Sheffield United FC,Aston Villa FC,0,5,A,2324
2024-02-03 00:00:00+00:00,Newcastle United FC,Luton,4,4,D,2324
2024-02-03 00:00:00+00:00,Brighton & Hove Albion FC,Crystal Palace FC,4,1,H,2324
2024-02-03 00:00:00+00:00,Everton FC,Tottenham Hotspur FC,2,2,D,2324
2024-02-03 00:00:00+00:00,Burnley FC,Fulham FC,2,2,D,2324
2024-02-04 00:00:00+00:00,AFC Bournemouth,Nottingham Forest FC,1,1,D,2324
2024-02-04 00:00:00+00:00,Chelsea FC,Wolverhampton Wanderers FC,2,4,A,2324
2024-02-04 00:00:00+00:00,Manchester United FC,West Ham United FC,3,0,H,2324
2024-02-04 00:00:00+00:00,Arsenal FC,Liverpool FC,3,1,H,2324
2024-02-05 00:00:00+00:00,Brentford FC,Manchester City FC,1,3,A,2324
2024-02-10 00:00:00+00:00,Wolverhampton Wanderers FC,Brentford FC,0,2,A,2324
2024-02-10 00:00:00+00:00,Nottingham Forest FC,Newcastle United FC,2,3,A,2324
2024-02-10 00:00:00+00:00,Luton,Sheffield United FC,1,3,A,2324
2024-02-10 00:00:00+00:00,Tottenham Hotspur FC,Brighton & Hove Albion FC,2,1,H,2324
2024-02-10 00:00:00+00:00,Fulham FC,AFC Bournemouth,3,1,H,2324
2024-02-10 00:00:00+00:00,Manchester City FC,Everton FC,2,0,H,2324
2024-02-10 00:00:00+00:00,Liverpool FC,Burnley FC,3,1,H,2324
2024-02-11 00:00:00+00:00,West Ham United FC,Arsenal FC,0,6,A,2324
2024-02-11 00:00:00+00:00,Aston Villa FC,Manchester United FC,1,2,A,2324
2024-02-12 00:00:00+00:00,Crystal Palace FC,Chelsea FC,1,3,A,2324
2024-02-17 00:00:00+00:00,Newcastle United FC,AFC Bournemouth,2,2,D,2324
2024-02-17 00:00:00+00:00,Manchester City FC,Chelsea FC,1,1,D,2324
2024-02-17 00:00:00+00:00,Tottenham Hotspur FC,Wolverhampton Wanderers FC,1,2,A,2324
2024-02-17 00:00:00+00:00,Nottingham Forest FC,West Ham United FC,2,0,H,2324
2024-02-17 00:00:00+00:00,Fulham FC,Aston Villa FC,1,2,A,2324
2024-02-17 00:00:00+00:00,Burnley FC,Arsenal FC,0,5,A,2324
2024-02-17 00:00:00+00:00,Brentford FC,Liverpool FC,1,4,A,2324
2024-02-18 00:00:00+00:00,Sheffield United FC,Brighton & Hove Albion FC,0,5,A,2324
2024-02-18 00:00:00+00:00,Luton,Manchester United FC,1,2,A,2324
2024-02-19 00:00:00+00:00,Everton FC,Crystal Palace FC,1,1,D,2324
2024-02-20 00:00:00+00:00,Manchester City FC,Brentford FC,1,0,H,2324
2024-02-21 00:00:00+00:00,Liverpool FC,Luton,4,1,H,2324
2024-02-24 00:00:00+00:00,Arsenal FC,Newcastle United FC,4,1,H,2324
2024-02-24 00:00:00+00:00,Manchester United FC,Fulham FC,1,2,A,2324
2024-02-24 00:00:00+00:00,AFC Bournemouth,Manchester City FC,0,1,A,2324
2024-02-24 00:00:00+00:00,Brighton & Hove Albion FC,Everton FC,1,1,D,2324
2024-02-24 00:00:00+00:00,Aston Villa FC,Nottingham Forest FC,4,2,H,2324
2024-02-24 00:00:00+00:00,Crystal Palace FC,Burnley FC,3,0,H,2324
2024-02-25 00:00:00+00:00,Wolverhampton Wanderers FC,Sheffield United FC,1,0,H,2324
2024-02-26 00:00:00+00:00,West Ham United FC,Brentford FC,4,2,H,2324
2024-03-02 00:00:00+00:00,Brentford FC,Chelsea FC,2,2,D,2324
2024-03-02 00:00:00+00:00,Everton FC,West Ham United FC,1,3,A,2324
2024-03-02 00:00:00+00:00,Fulham FC,Brighton & Hove Albion FC,3,0,H,2324
2024-03-02 00:00:00+00:00,Newcastle United FC,Wolverhampton Wanderers FC,3,0,H,2324
2024-03-02 00:00:00+00:00,Nottingham Forest FC,Liverpool FC,0,1,A,2324
2024-03-02 00:00:00+00:00,Tottenham Hotspur FC,Crystal Palace FC,3,1,H,2324
2024-03-02 00:00:00+00:00,Luton,Aston Villa FC,2,3,A,2324
2024-03-03 00:00:00+00:00,Manchester City FC,Manchester United FC,3,1,H,2324
2024-03-03 00:00:00+00:00,Burnley FC,AFC Bournemouth,0,2,A,2324
2024-03-04 00:00:00+00:00,Sheffield United FC,Arsenal FC,0,6,A,2324
2024-03-09 00:00:00+00:00,Manchester United FC,Everton FC,2,0,H,2324
2024-03-09 00:00:00+00:00,AFC Bournemouth,Sheffield United FC,2,2,D,2324
2024-03-09 00:00:00+00:00,Crystal Palace FC,Luton,1,1,D,2324
2024-03-09 00:00:00+00:00,Wolverhampton Wanderers FC,Fulham FC,2,1,H,2324
2024-03-09 00:00:00+00:00,Arsenal FC,Brentford FC,2,1,H,2324
2024-03-10 00:00:00+00:00,Aston Villa FC,Tottenham Hotspur FC,0,4,A,2324
2024-03-10 00:00:00+00:00,Brighton & Hove Albion FC,Nottingham Forest FC,1,0,H,2324
2024-03-10 00:00:00+00:00,West Ham United FC,Burnley FC,2,2,D,2324
2024-03-10 00:00:00+00:00,Liverpool FC,Manchester City FC,1,1,D,2324
2024-03-11 00:00:00+00:00,Chelsea FC,Newcastle United FC,3,2,H,2324
2024-03-13 00:00:00+00:00,AFC Bournemouth,Luton,4,3,H,2324
2024-03-16 00:00:00+00:00,Fulham FC,Tottenham Hotspur FC,3,0,H,2324
2024-03-16 00:00:00+00:00,Burnley FC,Brentford FC,2,1,H,2324
2024-03-16 00:00:00+00:00,Luton,Nottingham Forest FC,1,1,D,2324
2024-03-17 00:00:00+00:00,West Ham United FC,Aston Villa FC,1,1,D,2324
2024-03-30 00:00:00+00:00,Newcastle United FC,West Ham United FC,4,3,H,2324
2024-03-30 00:00:00+00:00,AFC Bournemouth,Everton FC,2,1,H,2324
2024-03-30 00:00:00+00:00,Chelsea FC,Burnley FC,2,2,D,2324
2024-03-30 00:00:00+00:00,Nottingham Forest FC,Crystal Palace FC,1,1,D,2324
2024-03-30 00:00:00+00:00,Sheffield United FC,Fulham FC,3,3,D,2324
2024-03-30 00:00:00+00:00,Tottenham Hotspur FC,Luton,2,1,H,2324
2024-03-30 00:00:00+00:00,Aston Villa FC,Wolverhampton Wanderers FC,2,0,H,2324
2024-03-30 00:00:00+00:00,Brentford FC,Manchester United FC,1,1,D,2324
2024-03-31 00:00:00+00:00,Liverpool FC,Brighton & Hove Albion FC,2,1,H,2324
2024-03-31 00:00:00+00:00,Manchester City FC,Arsenal FC,0,0,D,2324
2024-04-02 00:00:00+00:00,West Ham United FC,Tottenham Hotspur FC,1,1,D,2324
2024-04-02 00:00:00+00:00,Burnley FC,Wolverhampton Wanderers FC,1,1,D,2324
2024-04-02 00:00:00+00:00,Newcastle United FC,Everton FC,1,1,D,2324
2024-04-02 00:00:00+00:00,Nottingham Forest FC,Fulham FC,3,1,H,2324
2024-04-02 00:00:00+00:00,AFC Bournemouth,Crystal Palace FC,1,0,H,2324
2024-04-03 00:00:00+00:00,Arsenal FC,Luton,2,0,H,2324
2024-04-03 00:00:00+00:00,Brentford FC,Brighton & Hove Albion FC,0,0,D,2324
2024-04-03 00:00:00+00:00,Manchester City FC,Aston Villa FC,4,1,H,2324
2024-04-04 00:00:00+00:00,Liverpool FC,Sheffield United FC,3,1,H,2324
2024-04-04 00:00:00+00:00,Chelsea FC,Manchester United FC,4,3,H,2324
2024-04-06 00:00:00+00:00,Wolverhampton Wanderers FC,West Ham United FC,1,2,A,2324
2024-04-06 00:00:00+00:00,Brighton & Hove Albion FC,Arsenal FC,0,3,A,2324
2024-04-06 00:00:00+00:00,Luton,AFC Bournemouth,2,1,H,2324
2024-04-06 00:00:00+00:00,Aston Villa FC,Brentford FC,3,3,D,2324
2024-04-06 00:00:00+00:00,Everton FC,Burnley FC,1,0,H,2324
2024-04-06 00:00:00+00:00,Crystal Palace FC,Manchester City FC,2,4,A,2324
2024-04-06 00:00:00+00:00,Fulham FC,Newcastle United FC,0,1,A,2324
2024-04-07 00:00:00+00:00,Manchester United FC,Liverpool FC,2,2,D,2324
2024-04-07 00:00:00+00:00,Sheffield United FC,Chelsea FC,2,2,D,2324
2024-04-07 00:00:00+00:00,Tottenham Hotspur FC,Nottingham Forest FC,3,1,H,2324
2024-04-13 00:00:00+00:00,AFC Bournemouth,Manchester United FC,2,2,D,2324
2024-04-13 00:00:00+00:00,Manchester City FC,Luton,5,1,H,2324
2024-04-13 00:00:00+00:00,Nottingham Forest FC,Wolverhampton Wanderers FC,2,2,D,2324
2024-04-13 00:00:00+00:00,Brentford FC,Sheffield United FC,2,0,H,2324
2024-04-13 00:00:00+00:00,Newcastle United FC,Tottenham Hotspur FC,4,0,H,2324
2024-04-13 00:00:00+00:00,Burnley FC,Brighton & Hove Albion FC,1,1,D,2324
2024-04-14 00:00:00+00:00,Liverpool FC,Crystal Palace FC,0,1,A,2324
2024-04-14 00:00:00+00:00,West Ham United FC,Fulham FC,0,2,A,2324
2024-04-14 00:00:00+00:00,Arsenal FC,Aston Villa FC,0,2,A,2324
2024-04-15 00:00:00+00:00,Chelsea FC,Everton FC,6,0,H,2324
2024-04-20 00:00:00+00:00,Luton,Brentford FC,1,5,A,2324
2024-04-20 00:00:00+00:00,Sheffield United FC,Burnley FC,1,4,A,2324
2024-04-20 00:00:00+00:00,Wolverhampton Wanderers FC,Arsenal FC,0,2,A,2324
2024-04-21 00:00:00+00:00,Crystal Palace FC,West Ham United FC,5,2,H,2324
2024-04-21 00:00:00+00:00,Fulham FC,Liverpool FC,1,3,A,2324
2024-04-21 00:00:00+00:00,Aston Villa FC,AFC Bournemouth,3,1,H,2324
2024-04-21 00:00:00+00:00,Everton FC,Nottingham Forest FC,2,0,H,2324
2024-04-23 00:00:00+00:00,Arsenal FC,Chelsea FC,5,0,H,2324
2024-04-24 00:00:00+00:00,Wolverhampton Wanderers FC,AFC Bournemouth,0,1,A,2324
2024-04-24 00:00:00+00:00,Crystal Palace FC,Newcastle United FC,2,0,H,2324
2024-04-24 00:00:00+00:00,Everton FC,Liverpool FC,2,0,H,2324
2024-04-24 00:00:00+00:00,Manchester United FC,Sheffield United FC,4,2,H,2324
2024-04-25 00:00:00+00:00,Brighton & Hove Albion FC,Manchester City FC,0,4,A,2324
2024-04-27 00:00:00+00:00,Newcastle United FC,Sheffield United FC,5,1,H,2324
2024-04-27 00:00:00+00:00,Aston Villa FC,Chelsea FC,2,2,D,2324
2024-04-27 00:00:00+00:00,Everton FC,Brentford FC,1,0,H,2324
2024-04-27 00:00:00+00:00,Wolverhampton Wanderers FC,Luton,2,1,H,2324
2024-04-27 00:00:00+00:00,Manchester United FC,Burnley FC,1,1,D,2324
2024-04-27 00:00:00+00:00,Fulham FC,Crystal Palace FC,1,1,D,2324
2024-04-27 00:00:00+00:00,West Ham United FC,Liverpool FC,2,2,D,2324
2024-04-28 00:00:00+00:00,AFC Bournemouth,Brighton & Hove Albion FC,3,0,H,2324
2024-04-28 00:00:00+00:00,Tottenham Hotspur FC,Arsenal FC,2,3,A,2324
2024-04-28 00:00:00+00:00,Nottingham Forest FC,Manchester City FC,0,2,A,2324
2024-05-02 00:00:00+00:00,Chelsea FC,Tottenham Hotspur FC,2,0,H,2324
2024-05-03 00:00:00+00:00,Luton,Everton FC,1,1,D,2324
2024-05-04 00:00:00+00:00,Brentford FC,Fulham FC,0,0,D,2324
2024-05-04 00:00:00+00:00,Manchester City FC,Wolverhampton Wanderers FC,5,1,H,2324
2024-05-04 00:00:00+00:00,Sheffield United FC,Nottingham Forest FC,1,3,A,2324
2024-05-04 00:00:00+00:00,Arsenal FC,AFC Bournemouth,3,0,H,2324
2024-05-04 00:00:00+00:00,Burnley FC,Newcastle United FC,1,4,A,2324
2024-05-05 00:00:00+00:00,Brighton & Hove Albion FC,Aston Villa FC,1,0,H,2324
2024-05-05 00:00:00+00:00,Chelsea FC,West Ham United FC,5,0,H,2324
2024-05-05 00:00:00+00:00,Liverpool FC,Tottenham Hotspur FC,4,2,H,2324
2024-05-06 00:00:00+00:00,Crystal Palace FC,Manchester United FC,4,0,H,2324
2024-05-11 00:00:00+00:00,Fulham FC,Manchester City FC,0,4,A,2324
2024-05-11 00:00:00+00:00,AFC Bournemouth,Brentford FC,1,2,A,2324
2024-05-11 00:00:00+00:00,Everton FC,Sheffield United FC,1,0,H,2324
2024-05-11 00:00:00+00:00,Newcastle United FC,Brighton & Hove Albion FC,1,1,D,2324
2024-05-11 00:00:00+00:00,Tottenham Hotspur FC,Burnley FC,2,1,H,2324
2024-05-11 00:00:00+00:00,West Ham United FC,Luton,3,1,H,2324
2024-05-11 00:00:00+00:00,Wolverhampton Wanderers FC,Crystal Palace FC,1,3,A,2324
2024-05-11 00:00:00+00:00,Nottingham Forest FC,Chelsea FC,2,3,A,2324
2024-05-12 00:00:00+00:00,Manchester United FC,Arsenal FC,0,1,A,2324
2024-05-13 00:00:00+00:00,Aston Villa FC,Liverpool FC,3,3,D,2324
2024-05-14 00:00:00+00:00,Tottenham Hotspur FC,Manchester City FC,0,2,A,2324
2024-05-15 00:00:00+00:00,Manchester United FC,Newcastle United FC,3,2,H,2324
2024-05-15 00:00:00+00:00,Brighton & Hove Albion FC,Chelsea FC,1,2,A,2324
2024-05-19 00:00:00+00:00,Sheffield United FC,Tottenham Hotspur FC,0,3,A,2324
2024-05-19 00:00:00+00:00,Liverpool FC,Wolverhampton Wanderers FC,2,0,H,2324
2024-05-19 00:00:00+00:00,Manchester City FC,West Ham United FC,3,1,H,2324
2024-05-19 00:00:00+00:00,Crystal Palace FC,Aston Villa FC,5,0,H,2324
2024-05-19 00:00:00+00:00,Luton,Fulham FC,2,4,A,2324
2024-05-19 00:00:00+00:00,Burnley FC,Nottingham Forest FC,1,2,A,2324
2024-05-19 00:00:00+00:00,Brighton & Hove Albion FC,Manchester United FC,0,2,A,2324
2024-05-19 00:00:00+00:00,Brentford FC,Newcastle United FC,2,4,A,2324
2024-05-19 00:00:00+00:00,Arsenal FC,Everton FC,2,1,H,2324
2024-05-19 00:00:00+00:00,Chelsea FC,AFC Bournemouth,2,1,H,2324
2024-08-16 00:00:00+00:00,Manchester United FC,Fulham FC,1,0,H,2425
2024-08-17 00:00:00+00:00,Nottingham Forest FC,AFC Bournemouth,1,1,D,2425
2024-08-17 00:00:00+00:00,Newcastle United FC,Southampton FC,1,0,H,2425
2024-08-17 00:00:00+00:00,West Ham United FC,Aston Villa FC,1,2,A,2425
2024-08-17 00:00:00+00:00,Arsenal FC,Wolverhampton Wanderers FC,2,0,H,2425
2024-08-17 00:00:00+00:00,Ipswich Town FC,Liverpool FC,0,2,A,2425
2024-08-17 00:00:00+00:00,Everton FC,Brighton & Hove Albion FC,0,3,A,2425
2024-08-18 00:00:00+00:00,Brentford FC,Crystal Palace FC,2,1,H,2425
2024-08-18 00:00:00+00:00,Chelsea FC,Manchester City FC,0,2,A,2425
2024-08-19 00:00:00+00:00,Leicester City FC,Tottenham Hotspur FC,1,1,D,2425
2024-08-24 00:00:00+00:00,Aston Villa FC,Arsenal FC,0,2,A,2425
2024-08-24 00:00:00+00:00,Brighton & Hove Albion FC,Manchester United FC,2,1,H,2425
2024-08-24 00:00:00+00:00,Crystal Palace FC,West Ham United FC,0,2,A,2425
2024-08-24 00:00:00+00:00,Fulham FC,Leicester City FC,2,1,H,2425
2024-08-24 00:00:00+00:00,Manchester City FC,Ipswich Town FC,4,1,H,2425
2024-08-24 00:00:00+00:00,Southampton FC,Nottingham Forest FC,0,1,A,2425
2024-08-24 00:00:00+00:00,Tottenham Hotspur FC,Everton FC,4,0,H,2425
2024-08-25 00:00:00+00:00,Wolverhampton Wanderers FC,Chelsea FC,2,6,A,2425
2024-08-25 00:00:00+00:00,Liverpool FC,Brentford FC,2,0,H,2425
2024-08-25 00:00:00+00:00,AFC Bournemouth,Newcastle United FC,1,1,D,2425
2024-08-31 00:00:00+00:00,Arsenal FC,Brighton & Hove Albion FC,1,1,D,2425
2024-08-31 00:00:00+00:00,Brentford FC,Southampton FC,3,1,H,2425
2024-08-31 00:00:00+00:00,Everton FC,AFC Bournemouth,2,3,A,2425
2024-08-31 00:00:00+00:00,Ipswich Town FC,Fulham FC,1,1,D,2425
2024-08-31 00:00:00+00:00,Leicester City FC,Aston Villa FC,1,2,A,2425
2024-08-31 00:00:00+00:00,Nottingham Forest FC,Wolverhampton Wanderers FC,1,1,D,2425
2024-08-31 00:00:00+00:00,West Ham United FC,Manchester City FC,1,3,A,2425
2024-09-01 00:00:00+00:00,Manchester United FC,Liverpool FC,0,3,A,2425
2024-09-01 00:00:00+00:00,Chelsea FC,Crystal Palace FC,1,1,D,2425
2024-09-01 00:00:00+00:00,Newcastle United FC,Tottenham Hotspur FC,2,1,H,2425
2024-09-14 00:00:00+00:00,AFC Bournemouth,Chelsea FC,0,1,A,2425
2024-09-14 00:00:00+00:00,Aston Villa FC,Everton FC,3,2,H,2425
2024-09-14 00:00:00+00:00,Manchester City FC,Brentford FC,2,1,H,2425
2024-09-14 00:00:00+00:00,Liverpool FC,Nottingham Forest FC,0,1,A,2425
2024-09-14 00:00:00+00:00,Brighton & Hove Albion FC,Ipswich Town FC,0,0,D,2425
2024-09-14 00:00:00+00:00,Crystal Palace FC,Leicester City FC,2,2,D,2425
2024-09-14 00:00:00+00:00,Southampton FC,Manchester United FC,0,3,A,2425
2024-09-14 00:00:00+00:00,Fulham FC,West Ham United FC,1,1,D,2425
2024-09-15 00:00:00+00:00,Wolverhampton Wanderers FC,Newcastle United FC,1,2,A,2425
2024-09-15 00:00:00+00:00,Tottenham Hotspur FC,Arsenal FC,0,1,A,2425
2024-09-21 00:00:00+00:00,Tottenham Hotspur FC,Brentford FC,3,1,H,2425
2024-09-21 00:00:00+00:00,Southampton FC,Ipswich Town FC,1,1,D,2425
2024-09-21 00:00:00+00:00,Crystal Palace FC,Manchester United FC,0,0,D,2425
2024-09-21 00:00:00+00:00,Liverpool FC,AFC Bournemouth,3,0,H,2425
2024-09-21 00:00:00+00:00,Aston Villa FC,Wolverhampton Wanderers FC,3,1,H,2425
2024-09-21 00:00:00+00:00,Fulham FC,Newcastle United FC,3,1,H,2425
2024-09-21 00:00:00+00:00,Leicester City FC,Everton FC,1,1,D,2425
2024-09-21 00:00:00+00:00,West Ham United FC,Chelsea FC,0,3,A,2425
2024-09-22 00:00:00+00:00,Brighton & Hove Albion FC,Nottingham Forest FC,2,2,D,2425
2024-09-22 00:00:00+00:00,Manchester City FC,Arsenal FC,2,2,D,2425
2024-09-28 00:00:00+00:00,Wolverhampton Wanderers FC,Liverpool FC,1,2,A,2425
2024-09-28 00:00:00+00:00,Nottingham Forest FC,Fulham FC,0,1,A,2425
2024-09-28 00:00:00+00:00,Everton FC,Crystal Palace FC,2,1,H,2425
2024-09-28 00:00:00+00:00,Chelsea FC,Brighton & Hove Albion FC,4,2,H,2425
2024-09-28 00:00:00+00:00,Brentford FC,West Ham United FC,1,1,D,2425
2024-09-28 00:00:00+00:00,Arsenal FC,Leicester City FC,4,2,H,2425
2024-09-28 00:00:00+00:00,Newcastle United FC,Manchester City FC,1,1,D,2425
2024-09-29 00:00:00+00:00,Ipswich Town FC,Aston Villa FC,2,2,D,2425
2024-09-29 00:00:00+00:00,Manchester United FC,Tottenham Hotspur FC,0,3,A,2425
2024-09-30 00:00:00+00:00,AFC Bournemouth,Southampton FC,3,1,H,2425
2024-10-05 00:00:00+00:00,West Ham United FC,Ipswich Town FC,4,1,H,2425
2024-10-05 00:00:00+00:00,Manchester City FC,Fulham FC,3,2,H,2425
2024-10-05 00:00:00+00:00,Leicester City FC,AFC Bournemouth,1,0,H,2425
2024-10-05 00:00:00+00:00,Everton FC,Newcastle United FC,0,0,D,2425
2024-10-05 00:00:00+00:00,Arsenal FC,Southampton FC,3,1,H,2425
2024-10-05 00:00:00+00:00,Crystal Palace FC,Liverpool FC,0,1,A,2425
2024-10-05 00:00:00+00:00,Brentford FC,Wolverhampton Wanderers FC,5,3,H,2425
2024-10-06 00:00:00+00:00,Aston Villa FC,Manchester United FC,0,0,D,2425
2024-10-06 00:00:00+00:00,Chelsea FC,Nottingham Forest FC,1,1,D,2425
2024-10-06 00:00:00+00:00,Brighton & Hove Albion FC,Tottenham Hotspur FC,3,2,H,2425
2024-10-19 00:00:00+00:00,AFC Bournemouth,Arsenal FC,2,0,H,2425
2024-10-19 00:00:00+00:00,Newcastle United FC,Brighton & Hove Albion FC,0,1,A,2425
2024-10-19 00:00:00+00:00,Manchester United FC,Brentford FC,2,1,H,2425
2024-10-19 00:00:00+00:00,Southampton FC,Leicester City FC,2,3,A,2425
2024-10-19 00:00:00+00:00,Fulham FC,Aston Villa FC,1,3,A,2425
2024-10-19 00:00:00+00:00,Tottenham Hotspur FC,West Ham United FC,4,1,H,2425
2024-10-19 00:00:00+00:00,Ipswich Town FC,Everton FC,0,2,A,2425
2024-10-20 00:00:00+00:00,Wolverhampton Wanderers FC,Manchester City FC,1,2,A,2425
2024-10-20 00:00:00+00:00,Liverpool FC,Chelsea FC,2,1,H,2425
2024-10-21 00:00:00+00:00,Nottingham Forest FC,Crystal Palace FC,1,0,H,2425
2024-10-25 00:00:00+00:00,Leicester City FC,Nottingham Forest FC,1,3,A,2425
2024-10-26 00:00:00+00:00,Aston Villa FC,AFC Bournemouth,1,1,D,2425
2024-10-26 00:00:00+00:00,Brentford FC,Ipswich Town FC,4,3,H,2425
2024-10-26 00:00:00+00:00,Brighton & Hove Albion FC,Wolverhampton Wanderers FC,2,2,D,2425
2024-10-26 00:00:00+00:00,Manchester City FC,Southampton FC,1,0,H,2425
2024-10-26 00:00:00+00:00,Everton FC,Fulham FC,1,1,D,2425
2024-10-27 00:00:00+00:00,Arsenal FC,Liverpool FC,2,2,D,2425
2024-10-27 00:00:00+00:00,West Ham United FC,Manchester United FC,2,1,H,2425
2024-10-27 00:00:00+00:00,Crystal Palace FC,Tottenham Hotspur FC,1,0,H,2425
2024-10-27 00:00:00+00:00,Chelsea FC,Newcastle United FC,2,1,H,2425
2024-11-02 00:00:00+00:00,Newcastle United FC,Arsenal FC,1,0,H,2425
2024-11-02 00:00:00+00:00,AFC Bournemouth,Manchester City FC,2,1,H,2425
2024-11-02 00:00:00+00:00,Ipswich Town FC,Leicester City FC,1,1,D,2425
2024-11-02 00:00:00+00:00,Liverpool FC,Brighton & Hove Albion FC,2,1,H,2425
2024-11-02 00:00:00+00:00,Nottingham Forest FC,West Ham United FC,3,0,H,2425
2024-11-02 00:00:00+00:00,Southampton FC,Everton FC,1,0,H,2425
2024-11-02 00:00:00+00:00,Wolverhampton Wanderers FC,Crystal Palace FC,2,2,D,2425
2024-11-03 00:00:00+00:00,Tottenham Hotspur FC,Aston Villa FC,4,1,H,2425
2024-11-03 00:00:00+00:00,Manchester United FC,Chelsea FC,1,1,D,2425
2024-11-04 00:00:00+00:00,Fulham FC,Brentford FC,2,1,H,2425
2024-11-09 00:00:00+00:00,Liverpool FC,Aston Villa FC,2,0,H,2425
2024-11-09 00:00:00+00:00,Brighton & Hove Albion FC,Manchester City FC,2,1,H,2425
2024-11-09 00:00:00+00:00,Wolverhampton Wanderers FC,Southampton FC,2,0,H,2425
2024-11-09 00:00:00+00:00,Brentford FC,AFC Bournemouth,3,2,H,2425
2024-11-09 00:00:00+00:00,Crystal Palace FC,Fulham FC,0,2,A,2425
2024-11-09 00:00:00+00:00,West Ham United FC,Everton FC,0,0,D,2425
2024-11-10 00:00:00+00:00,Manchester United FC,Leicester City FC,3,0,H,2425
2024-11-10 00:00:00+00:00,Nottingham Forest FC,Newcastle United FC,1,3,A,2425
2024-11-10 00:00:00+00:00,Tottenham Hotspur FC,Ipswich Town FC,1,2,A,2425
2024-11-10 00:00:00+00:00,Chelsea FC,Arsenal FC,1,1,D,2425
2024-11-23 00:00:00+00:00,Fulham FC,Wolverhampton Wanderers FC,1,4,A,2425
2024-11-23 00:00:00+00:00,Manchester City FC,Tottenham Hotspur FC,0,4,A,2425
2024-11-23 00:00:00+00:00,Everton FC,Brentford FC,0,0,D,2425
2024-11-23 00:00:00+00:00,Arsenal FC,Nottingham Forest FC,3,0,H,2425
2024-11-23 00:00:00+00:00,Aston Villa FC,Crystal Palace FC,2,2,D,2425
2024-11-23 00:00:00+00:00,Leicester City FC,Chelsea FC,1,2,A,2425
2024-11-23 00:00:00+00:00,AFC Bournemouth,Brighton & Hove Albion FC,1,2,A,2425
2024-11-24 00:00:00+00:00,Southampton FC,Liverpool FC,2,3,A,2425
2024-11-24 00:00:00+00:00,Ipswich Town FC,Manchester United FC,1,1,D,2425
2024-11-25 00:00:00+00:00,Newcastle United FC,West Ham United FC,0,2,A,2425
2024-11-29 00:00:00+00:00,Brighton & Hove Albion FC,Southampton FC,1,1,D,2425
2024-11-30 00:00:00+00:00,West Ham United FC,Arsenal FC,2,5,A,2425
2024-11-30 00:00:00+00:00,Nottingham Forest FC,Ipswich Town FC,1,0,H,2425
2024-11-30 00:00:00+00:00,Wolverhampton Wanderers FC,AFC Bournemouth,2,4,A,2425
2024-11-30 00:00:00+00:00,Brentford FC,Leicester City FC,4,1,H,2425
2024-11-30 00:00:00+00:00,Crystal Palace FC,Newcastle United FC,1,1,D,2425
2024-12-01 00:00:00+00:00,Chelsea FC,Aston Villa FC,3,0,H,2425
2024-12-01 00:00:00+00:00,Manchester United FC,Everton FC,4,0,H,2425
2024-12-01 00:00:00+00:00,Tottenham Hotspur FC,Fulham FC,1,1,D,2425
2024-12-01 00:00:00+00:00,Liverpool FC,Manchester City FC,2,0,H,2425
2024-12-03 00:00:00+00:00,Ipswich Town FC,Crystal Palace FC,0,1,A,2425
2024-12-03 00:00:00+00:00,Leicester City FC,West Ham United FC,3,1,H,2425
2024-12-04 00:00:00+00:00,Arsenal FC,Manchester United FC,2,0,H,2425
2024-12-04 00:00:00+00:00,Aston Villa FC,Brentford FC,3,1,H,2425
2024-12-04 00:00:00+00:00,Southampton FC,Chelsea FC,1,5,A,2425
2024-12-04 00:00:00+00:00,Newcastle United FC,Liverpool FC,3,3,D,2425
2024-12-04 00:00:00+00:00,Manchester City FC,Nottingham Forest FC,3,0,H,2425
2024-12-04 00:00:00+00:00,Everton FC,Wolverhampton Wanderers FC,4,0,H,2425
2024-12-05 00:00:00+00:00,Fulham FC,Brighton & Hove Albion FC,3,1,H,2425
2024-12-05 00:00:00+00:00,AFC Bournemouth,Tottenham Hotspur FC,1,0,H,2425
2024-12-07 00:00:00+00:00,Aston Villa FC,Southampton FC,1,0,H,2425
2024-12-07 00:00:00+00:00,Brentford FC,Newcastle United FC,4,2,H,2425
2024-12-07 00:00:00+00:00,Crystal Palace FC,Manchester City FC,2,2,D,2425
2024-12-07 00:00:00+00:00,Manchester United FC,Nottingham Forest FC,2,3,A,2425
2024-12-08 00:00:00+00:00,Tottenham Hotspur FC,Chelsea FC,3,4,A,2425
2024-12-08 00:00:00+00:00,Leicester City FC,Brighton & Hove Albion FC,2,2,D,2425
2024-12-08 00:00:00+00:00,Fulham FC,Arsenal FC,1,1,D,2425
2024-12-08 00:00:00+00:00,Ipswich Town FC,AFC Bournemouth,1,2,A,2425
2024-12-09 00:00:00+00:00,West Ham United FC,Wolverhampton Wanderers FC,2,1,H,2425
2024-12-14 00:00:00+00:00,Arsenal FC,Everton FC,0,0,D,2425
2024-12-14 00:00:00+00:00,Liverpool FC,Fulham FC,2,2,D,2425
2024-12-14 00:00:00+00:00,Newcastle United FC,Leicester City FC,4,0,H,2425
2024-12-14 00:00:00+00:00,Wolverhampton Wanderers FC,Ipswich Town FC,1,2,A,2425
2024-12-14 00:00:00+00:00,Nottingham Forest FC,Aston Villa FC,2,1,H,2425
2024-12-15 00:00:00+00:00,Chelsea FC,Brentford FC,2,1,H,2425
2024-12-15 00:00:00+00:00,Brighton & Hove Albion FC,Crystal Palace FC,1,3,A,2425
2024-12-15 00:00:00+00:00,Manchester City FC,Manchester United FC,1,2,A,2425
2024-12-15 00:00:00+00:00,Southampton FC,Tottenham Hotspur FC,0,5,A,2425
2024-12-16 00:00:00+00:00,AFC Bournemouth,West Ham United FC,1,1,D,2425
2024-12-21 00:00:00+00:00,Aston Villa FC,Manchester City FC,2,1,H,2425
2024-12-21 00:00:00+00:00,Brentford FC,Nottingham Forest FC,0,2,A,2425
2024-12-21 00:00:00+00:00,Ipswich Town FC,Newcastle United FC,0,4,A,2425
2024-12-21 00:00:00+00:00,West Ham United FC,Brighton & Hove Albion FC,1,1,D,2425
2024-12-21 00:00:00+00:00,Crystal Palace FC,Arsenal FC,1,5,A,2425
2024-12-22 00:00:00+00:00,Everton FC,Chelsea FC,0,0,D,2425
2024-12-22 00:00:00+00:00,Fulham FC,Southampton FC,0,0,D,2425
2024-12-22 00:00:00+00:00,Leicester City FC,Wolverhampton Wanderers FC,0,3,A,2425
2024-12-22 00:00:00+00:00,Manchester United FC,AFC Bournemouth,0,3,A,2425
2024-12-22 00:00:00+00:00,Tottenham Hotspur FC,Liverpool FC,3,6,A,2425
2024-12-26 00:00:00+00:00,Liverpool FC,Leicester City FC,3,1,H,2425
2024-12-26 00:00:00+00:00,Wolverhampton Wanderers FC,Manchester United FC,2,0,H,2425
2024-12-26 00:00:00+00:00,Southampton FC,West Ham United FC,0,1,A,2425
2024-12-26 00:00:00+00:00,Nottingham Forest FC,Tottenham Hotspur FC,1,0,H,2425
2024-12-26 00:00:00+00:00,Manchester City FC,Everton FC,1,1,D,2425
2024-12-26 00:00:00+00:00,Chelsea FC,Fulham FC,1,2,A,2425
2024-12-26 00:00:00+00:00,AFC Bournemouth,Crystal Palace FC,0,0,D,2425
2024-12-26 00:00:00+00:00,Newcastle United FC,Aston Villa FC,3,0,H,2425
2024-12-27 00:00:00+00:00,Brighton & Hove Albion FC,Brentford FC,0,0,D,2425
2024-12-27 00:00:00+00:00,Arsenal FC,Ipswich Town FC,1,0,H,2425
2024-12-29 00:00:00+00:00,Tottenham Hotspur FC,Wolverhampton Wanderers FC,2,2,D,2425
2024-12-29 00:00:00+00:00,Fulham FC,AFC Bournemouth,2,2,D,2425
2024-12-29 00:00:00+00:00,West Ham United FC,Liverpool FC,0,5,A,2425
2024-12-29 00:00:00+00:00,Crystal Palace FC,Southampton FC,2,1,H,2425
2024-12-29 00:00:00+00:00,Everton FC,Nottingham Forest FC,0,2,A,2425
2024-12-29 00:00:00+00:00,Leicester City FC,Manchester City FC,0,2,A,2425
2024-12-30 00:00:00+00:00,Aston Villa FC,Brighton & Hove Albion FC,2,2,D,2425
2024-12-30 00:00:00+00:00,Ipswich Town FC,Chelsea FC,2,0,H,2425
2024-12-30 00:00:00+00:00,Manchester United FC,Newcastle United FC,0,2,A,2425
2025-01-01 00:00:00+00:00,Brentford FC,Arsenal FC,1,3,A,2425
2025-01-04 00:00:00+00:00,Southampton FC,Brentford FC,0,5,A,2425
2025-01-04 00:00:00+00:00,Manchester City FC,West Ham United FC,4,1,H,2425
2025-01-04 00:00:00+00:00,Crystal Palace FC,Chelsea FC,1,1,D,2425
2025-01-04 00:00:00+00:00,Brighton & Hove Albion FC,Arsenal FC,1,1,D,2425
2025-01-04 00:00:00+00:00,Aston Villa FC,Leicester City FC,2,1,H,2425
2025-01-04 00:00:00+00:00,Tottenham Hotspur FC,Newcastle United FC,1,2,A,2425
2025-01-04 00:00:00+00:00,AFC Bournemouth,Everton FC,1,0,H,2425
2025-01-05 00:00:00+00:00,Fulham FC,Ipswich Town FC,2,2,D,2425
2025-01-05 00:00:00+00:00,Liverpool FC,Manchester United FC,2,2,D,2425
2025-01-06 00:00:00+00:00,Wolverhampton Wanderers FC,Nottingham Forest FC,0,3,A,2425
2025-01-14 00:00:00+00:00,Brentford FC,Manchester City FC,2,2,D,2425
2025-01-14 00:00:00+00:00,Chelsea FC,AFC Bournemouth,2,2,D,2425
2025-01-14 00:00:00+00:00,West Ham United FC,Fulham FC,3,2,H,2425
2025-01-14 00:00:00+00:00,Nottingham Forest FC,Liverpool FC,1,1,D,2425
2025-01-15 00:00:00+00:00,Everton FC,Aston Villa FC,0,1,A,2425
2025-01-15 00:00:00+00:00,Leicester City FC,Crystal Palace FC,0,2,A,2425
2025-01-15 00:00:00+00:00,Newcastle United FC,Wolverhampton Wanderers FC,3,0,H,2425
2025-01-15 00:00:00+00:00,Arsenal FC,Tottenham Hotspur FC,2,1,H,2425
2025-01-16 00:00:00+00:00,Manchester United FC,Southampton FC,3,1,H,2425
2025-01-16 00:00:00+00:00,Ipswich Town FC,Brighton & Hove Albion FC,0,2,A,2425
2025-01-18 00:00:00+00:00,Newcastle United FC,AFC Bournemouth,1,4,A,2425
2025-01-18 00:00:00+00:00,Brentford FC,Liverpool FC,0,2,A,2425
2025-01-18 00:00:00+00:00,Leicester City FC,Fulham FC,0,2,A,2425
2025-01-18 00:00:00+00:00,West Ham United FC,Crystal Palace FC,0,2,A,2425
2025-01-18 00:00:00+00:00,Arsenal FC,Aston Villa FC,2,2,D,2425
2025-01-19 00:00:00+00:00,Everton FC,Tottenham Hotspur FC,3,2,H,2425
2025-01-19 00:00:00+00:00,Manchester United FC,Brighton & Hove Albion FC,1,3,A,2425
2025-01-19 00:00:00+00:00,Nottingham Forest FC,Southampton FC,3,2,H,2425
2025-01-19 00:00:00+00:00,Ipswich Town FC,Manchester City FC,0,6,A,2425
2025-01-20 00:00:00+00:00,Chelsea FC,Wolverhampton Wanderers FC,3,1,H,2425
2025-01-25 00:00:00+00:00,AFC Bournemouth,Nottingham Forest FC,5,0,H,2425
2025-01-25 00:00:00+00:00,Brighton & Hove Albion FC,Everton FC,0,1,A,2425
2025-01-25 00:00:00+00:00,Liverpool FC,Ipswich Town FC,4,1,H,2425
2025-01-25 00:00:00+00:00,Southampton FC,Newcastle United FC,1,3,A,2425
2025-01-25 00:00:00+00:00,Wolverhampton Wanderers FC,Arsenal FC,0,1,A,2425
2025-01-25 00:00:00+00:00,Manchester City FC,Chelsea FC,3,1,H,2425
2025-01-26 00:00:00+00:00,Crystal Palace FC,Brentford FC,1,2,A,2425
2025-01-26 00:00:00+00:00,Tottenham Hotspur FC,Leicester City FC,1,2,A,2425
2025-01-26 00:00:00+00:00,Aston Villa FC,West Ham United FC,1,1,D,2425
2025-01-26 00:00:00+00:00,Fulham FC,Manchester United FC,0,1,A,2425
2025-02-01 00:00:00+00:00,AFC Bournemouth,Liverpool FC,0,2,A,2425
2025-02-01 00:00:00+00:00,Wolverhampton Wanderers FC,Aston Villa FC,2,0,H,2425
2025-02-01 00:00:00+00:00,Newcastle United FC,Fulham FC,1,2,A,2425
2025-02-01 00:00:00+00:00,Nottingham Forest FC,Brighton & Hove Albion FC,7,0,H,2425
2025-02-01 00:00:00+00:00,Everton FC,Leicester City FC,4,0,H,2425
2025-02-01 00:00:00+00:00,Ipswich Town FC,Southampton FC,1,2,A,2425
2025-02-02 00:00:00+00:00,Brentford FC,Tottenham Hotspur FC,0,2,A,2425
2025-02-02 00:00:00+00:00,Manchester United FC,Crystal Palace FC,0,2,A,2425
2025-02-02 00:00:00+00:00,Arsenal FC,Manchester City FC,5,1,H,2425
2025-02-03 00:00:00+00:00,Chelsea FC,West Ham United FC,2,1,H,2425
2025-02-12 00:00:00+00:00,Everton FC,Liverpool FC,2,2,D,2425
2025-02-14 00:00:00+00:00,Brighton & Hove Albion FC,Chelsea FC,3,0,H,2425
2025-02-15 00:00:00+00:00,Crystal Palace FC,Everton FC,1,2,A,2425
2025-02-15 00:00:00+00:00,West Ham United FC,Brentford FC,0,1,A,2425
2025-02-15 00:00:00+00:00,Southampton FC,AFC Bournemouth,1,3,A,2425
2025-02-15 00:00:00+00:00,Manchester City FC,Newcastle United FC,4,0,H,2425
2025-02-15 00:00:00+00:00,Aston Villa FC,Ipswich Town FC,1,1,D,2425
2025-02-15 00:00:00+00:00,Leicester City FC,Arsenal FC,0,2,A,2425
2025-02-15 00:00:00+00:00,Fulham FC,Nottingham Forest FC,2,1,H,2425
2025-02-16 00:00:00+00:00,Liverpool FC,Wolverhampton Wanderers FC,2,1,H,2425
2025-02-16 00:00:00+00:00,Tottenham Hotspur FC,Manchester United FC,1,0,H,2425
2025-02-19 00:00:00+00:00,Aston Villa FC,Liverpool FC,2,2,D,2425
2025-02-21 00:00:00+00:00,Leicester City FC,Brentford FC,0,4,A,2425
2025-02-22 00:00:00+00:00,Ipswich Town FC,Tottenham Hotspur FC,1,4,A,2425
2025-02-22 00:00:00+00:00,Southampton FC,Brighton & Hove Albion FC,0,4,A,2425
2025-02-22 00:00:00+00:00,Aston Villa FC,Chelsea FC,2,1,H,2425
2025-02-22 00:00:00+00:00,Fulham FC,Crystal Palace FC,0,2,A,2425
2025-02-22 00:00:00+00:00,Arsenal FC,West Ham United FC,0,1,A,2425
2025-02-22 00:00:00+00:00,Everton FC,Manchester United FC,2,2,D,2425
2025-02-22 00:00:00+00:00,AFC Bournemouth,Wolverhampton Wanderers FC,0,1,A,2425
2025-02-23 00:00:00+00:00,Newcastle United FC,Nottingham Forest FC,4,3,H,2425
2025-02-23 00:00:00+00:00,Manchester City FC,Liverpool FC,0,2,A,2425
2025-02-25 00:00:00+00:00,Brighton & Hove Albion FC,AFC Bournemouth,2,1,H,2425
2025-02-25 00:00:00+00:00,Crystal Palace FC,Aston Villa FC,4,1,H,2425
2025-02-25 00:00:00+00:00,Wolverhampton Wanderers FC,Fulham FC,1,2,A,2425
2025-02-25 00:00:00+00:00,Chelsea FC,Southampton FC,4,0,H,2425
2025-02-26 00:00:00+00:00,Liverpool FC,Newcastle United FC,2,0,H,2425
2025-02-26 00:00:00+00:00,Tottenham Hotspur FC,Manchester City FC,0,1,A,2425
2025-02-26 00:00:00+00:00,Manchester United FC,Ipswich Town FC,3,2,H,2425
2025-02-26 00:00:00+00:00,Brentford FC,Everton FC,1,1,D,2425
2025-02-26 00:00:00+00:00,Nottingham Forest FC,Arsenal FC,0,0,D,2425
2025-02-27 00:00:00+00:00,West Ham United FC,Leicester City FC,2,0,H,2425
2025-03-08 00:00:00+00:00,Wolverhampton Wanderers FC,Everton FC,1,1,D,2425
2025-03-08 00:00:00+00:00,Nottingham Forest FC,Manchester City FC,1,0,H,2425
2025-03-08 00:00:00+00:00,Brighton & Hove Albion FC,Fulham FC,2,1,H,2425
2025-03-08 00:00:00+00:00,Crystal Palace FC,Ipswich Town FC,1,0,H,2425
2025-03-08 00:00:00+00:00,Liverpool FC,Southampton FC,3,1,H,2425
2025-03-08 00:00:00+00:00,Brentford FC,Aston Villa FC,0,1,A,2425
2025-03-09 00:00:00+00:00,Manchester United FC,Arsenal FC,1,1,D,2425
2025-03-09 00:00:00+00:00,Chelsea FC,Leicester City FC,1,0,H,2425
2025-03-09 00:00:00+00:00,Tottenham Hotspur FC,AFC Bournemouth,2,2,D,2425
2025-03-10 00:00:00+00:00,West Ham United FC,Newcastle United FC,0,1,A,2425
2025-03-15 00:00:00+00:00,Everton FC,West Ham United FC,1,1,D,2425
2025-03-15 00:00:00+00:00,Ipswich Town FC,Nottingham Forest FC,2,4,A,2425
2025-03-15 00:00:00+00:00,Manchester City FC,Brighton & Hove Albion FC,2,2,D,2425
2025-03-15 00:00:00+00:00,Southampton FC,Wolverhampton Wanderers FC,1,2,A,2425
2025-03-15 00:00:00+00:00,AFC Bournemouth,Brentford FC,1,2,A,2425
2025-03-16 00:00:00+00:00,Arsenal FC,Chelsea FC,1,0,H,2425
2025-03-16 00:00:00+00:00,Fulham FC,Tottenham Hotspur FC,2,0,H,2425
2025-03-16 00:00:00+00:00,Leicester City FC,Manchester United FC,0,3,A,2425
2025-04-01 00:00:00+00:00,Nottingham Forest FC,Manchester United FC,1,0,H,2425
2025-04-01 00:00:00+00:00,Arsenal FC,Fulham FC,2,1,H,2425
2025-04-01 00:00:00+00:00,Wolverhampton Wanderers FC,West Ham United FC,1,0,H,2425
2025-04-02 00:00:00+00:00,AFC Bournemouth,Ipswich Town FC,1,2,A,2425
2025-04-02 00:00:00+00:00,Brighton & Hove Albion FC,Aston Villa FC,0,3,A,2425
2025-04-02 00:00:00+00:00,Manchester City FC,Leicester City FC,2,0,H,2425
2025-04-02 00:00:00+00:00,Newcastle United FC,Brentford FC,2,1,H,2425
2025-04-02 00:00:00+00:00,Southampton FC,Crystal Palace FC,1,1,D,2425
2025-04-02 00:00:00+00:00,Liverpool FC,Everton FC,1,0,H,2425
2025-04-03 00:00:00+00:00,Chelsea FC,Tottenham Hotspur FC,1,0,H,2425
2025-04-05 00:00:00+00:00,Aston Villa FC,Nottingham Forest FC,2,1,H,2425
2025-04-05 00:00:00+00:00,Ipswich Town FC,Wolverhampton Wanderers FC,1,2,A,2425
2025-04-05 00:00:00+00:00,West Ham United FC,AFC Bournemouth,2,2,D,2425
2025-04-05 00:00:00+00:00,Everton FC,Arsenal FC,1,1,D,2425
2025-04-05 00:00:00+00:00,Crystal Palace FC,Brighton & Hove Albion FC,2,1,H,2425
2025-04-06 00:00:00+00:00,Brentford FC,Chelsea FC,0,0,D,2425
2025-04-06 00:00:00+00:00,Fulham FC,Liverpool FC,3,2,H,2425
2025-04-06 00:00:00+00:00,Tottenham Hotspur FC,Southampton FC,3,1,H,2425
2025-04-06 00:00:00+00:00,Manchester United FC,Manchester City FC,0,0,D,2425
2025-04-07 00:00:00+00:00,Leicester City FC,Newcastle United FC,0,3,A,2425
2025-04-12 00:00:00+00:00,Nottingham Forest FC,Everton FC,0,1,A,2425
2025-04-12 00:00:00+00:00,Manchester City FC,Crystal Palace FC,5,2,H,2425
2025-04-12 00:00:00+00:00,Brighton & Hove Albion FC,Leicester City FC,2,2,D,2425
2025-04-12 00:00:00+00:00,Southampton FC,Aston Villa FC,0,3,A,2425
2025-04-12 00:00:00+00:00,Arsenal FC,Brentford FC,1,1,D,2425
2025-04-13 00:00:00+00:00,Newcastle United FC,Manchester United FC,4,1,H,2425
2025-04-13 00:00:00+00:00,Wolverhampton Wanderers FC,Tottenham Hotspur FC,4,2,H,2425
2025-04-13 00:00:00+00:00,Chelsea FC,Ipswich Town FC,2,2,D,2425
2025-04-13 00:00:00+00:00,Liverpool FC,West Ham United FC,2,1,H,2425
2025-04-14 00:00:00+00:00,AFC Bournemouth,Fulham FC,1,0,H,2425
2025-04-16 00:00:00+00:00,Newcastle United FC,Crystal Palace FC,5,0,H,2425
2025-04-19 00:00:00+00:00,West Ham United FC,Southampton FC,1,1,D,2425
2025-04-19 00:00:00+00:00,Everton FC,Manchester City FC,0,2,A,2425
2025-04-19 00:00:00+00:00,Aston Villa FC,Newcastle United FC,4,1,H,2425
2025-04-19 00:00:00+00:00,Brentford FC,Brighton & Hove Albion FC,4,2,H,2425
2025-04-19 00:00:00+00:00,Crystal Palace FC,AFC Bournemouth,0,0,D,2425
2025-04-20 00:00:00+00:00,Leicester City FC,Liverpool FC,0,1,A,2425
2025-04-20 00:00:00+00:00,Manchester United FC,Wolverhampton Wanderers FC,0,1,A,2425
2025-04-20 00:00:00+00:00,Ipswich Town FC,Arsenal FC,0,4,A,2425
2025-04-20 00:00:00+00:00,Fulham FC,Chelsea FC,1,2,A,2425
2025-04-21 00:00:00+00:00,Tottenham Hotspur FC,Nottingham Forest FC,1,2,A,2425
2025-04-22 00:00:00+00:00,Manchester City FC,Aston Villa FC,2,1,H,2425
2025-04-23 00:00:00+00:00,Arsenal FC,Crystal Palace FC,2,2,D,2425
2025-04-26 00:00:00+00:00,Wolverhampton Wanderers FC,Leicester City FC,3,0,H,2425
2025-04-26 00:00:00+00:00,Chelsea FC,Everton FC,1,0,H,2425
2025-04-26 00:00:00+00:00,Brighton & Hove Albion FC,West Ham United FC,3,2,H,2425
2025-04-26 00:00:00+00:00,Newcastle United FC,Ipswich Town FC,3,0,H,2425
2025-04-26 00:00:00+00:00,Southampton FC,Fulham FC,1,2,A,2425
2025-04-27 00:00:00+00:00,Liverpool FC,Tottenham Hotspur FC,5,1,H,2425
2025-04-27 00:00:00+00:00,AFC Bournemouth,Manchester United FC,1,1,D,2425
2025-05-01 00:00:00+00:00,Nottingham Forest FC,Brentford FC,0,2,A,2425
2025-05-02 00:00:00+00:00,Manchester City FC,Wolverhampton Wanderers FC,1,0,H,2425
2025-05-03 00:00:00+00:00,Arsenal FC,AFC Bournemouth,1,2,A,2425
2025-05-03 00:00:00+00:00,Aston Villa FC,Fulham FC,1,0,H,2425
2025-05-03 00:00:00+00:00,Everton FC,Ipswich Town FC,2,2,D,2425
2025-05-03 00:00:00+00:00,Leicester City FC,Southampton FC,2,0,H,2425
2025-05-04 00:00:00+00:00,Brighton & Hove Albion FC,Newcastle United FC,1,1,D,2425
2025-05-04 00:00:00+00:00,West Ham United FC,Tottenham Hotspur FC,1,1,D,2425
2025-05-04 00:00:00+00:00,Brentford FC,Manchester United FC,4,3,H,2425
2025-05-04 00:00:00+00:00,Chelsea FC,Liverpool FC,3,1,H,2425
2025-05-05 00:00:00+00:00,Crystal Palace FC,Nottingham Forest FC,1,1,D,2425
2025-05-10 00:00:00+00:00,Fulham FC,Everton FC,1,3,A,2425
2025-05-10 00:00:00+00:00,Ipswich Town FC,Brentford FC,0,1,A,2425
2025-05-10 00:00:00+00:00,Southampton FC,Manchester City FC,0,0,D,2425
2025-05-10 00:00:00+00:00,Wolverhampton Wanderers FC,Brighton & Hove Albion FC,0,2,A,2425
2025-05-10 00:00:00+00:00,AFC Bournemouth,Aston Villa FC,0,1,A,2425
2025-05-11 00:00:00+00:00,Liverpool FC,Arsenal FC,2,2,D,2425
2025-05-11 00:00:00+00:00,Nottingham Forest FC,Leicester City FC,2,2,D,2425
2025-05-11 00:00:00+00:00,Tottenham Hotspur FC,Crystal Palace FC,0,2,A,2425
2025-05-11 00:00:00+00:00,Newcastle United FC,Chelsea FC,2,0,H,2425
2025-05-11 00:00:00+00:00,Manchester United FC,West Ham United FC,0,2,A,2425
2025-05-16 00:00:00+00:00,Aston Villa FC,Tottenham Hotspur FC,2,0,H,2425
2025-05-16 00:00:00+00:00,Chelsea FC,Manchester United FC,1,0,H,2425
2025-05-18 00:00:00+00:00,Arsenal FC,Newcastle United FC,1,0,H,2425
2025-05-18 00:00:00+00:00,Everton FC,Southampton FC,2,0,H,2425
2025-05-18 00:00:00+00:00,West Ham United FC,Nottingham Forest FC,1,2,A,2425
2025-05-18 00:00:00+00:00,Brentford FC,Fulham FC,2,3,A,2425
2025-05-18 00:00:00+00:00,Leicester City FC,Ipswich Town FC,2,0,H,2425
2025-05-19 00:00:00+00:00,Brighton & Hove Albion FC,Liverpool FC,3,2,H,2425
2025-05-20 00:00:00+00:00,Manchester City FC,AFC Bournemouth,3,1,H,2425
2025-05-20 00:00:00+00:00,Crystal Palace FC,Wolverhampton Wanderers FC,4,2,H,2425
2025-05-25 00:00:00+00:00,Wolverhampton Wanderers FC,Brentford FC,1,1,D,2425
2025-05-25 00:00:00+00:00,Nottingham Forest FC,Chelsea FC,0,1,A,2425
2025-05-25 00:00:00+00:00,Tottenham Hotspur FC,Brighton & Hove Albion FC,1,4,A,2425
2025-05-25 00:00:00+00:00,Newcastle United FC,Everton FC,0,1,A,2425
2025-05-25 00:00:00+00:00,Southampton FC,Arsenal FC,1,2,A,2425
2025-05-25 00:00:00+00:00,Liverpool FC,Crystal Palace FC,1,1,D,2425
2025-05-25 00:00:00+00:00,AFC Bournemouth,Leicester City FC,2,0,H,2425
2025-05-25 00:00:00+00:00,Manchester United FC,Aston Villa FC,2,0,H,2425
2025-05-25 00:00:00+00:00,Ipswich Town FC,West Ham United FC,1,3,A,2425
2025-05-25 00:00:00+00:00,Fulham FC,Manchester City FC,0,2,A,2425
2025-08-15 00:00:00+00:00,Liverpool FC,AFC Bournemouth,4,2,H,2526
2025-08-16 00:00:00+00:00,Aston Villa FC,Newcastle United FC,0,0,D,2526
2025-08-16 00:00:00+00:00,Brighton & Hove Albion FC,Fulham FC,1,1,D,2526
2025-08-16 00:00:00+00:00,Sunderland AFC,West Ham United FC,3,0,H,2526
2025-08-16 00:00:00+00:00,Tottenham Hotspur FC,Burnley FC,3,0,H,2526
2025-08-16 00:00:00+00:00,Wolverhampton Wanderers FC,Manchester City FC,0,4,A,2526
2025-08-17 00:00:00+00:00,Chelsea FC,Crystal Palace FC,0,0,D,2526
2025-08-17 00:00:00+00:00,Nottingham Forest FC,Brentford FC,3,1,H,2526
2025-08-17 00:00:00+00:00,Manchester United FC,Arsenal FC,0,1,A,2526
2025-08-18 00:00:00+00:00,Leeds United FC,Everton FC,1,0,H,2526
2025-08-22 00:00:00+00:00,West Ham United FC,Chelsea FC,1,5,A,2526
2025-08-23 00:00:00+00:00,Arsenal FC,Leeds United FC,5,0,H,2526
2025-08-23 00:00:00+00:00,Burnley FC,Sunderland AFC,2,0,H,2526
2025-08-23 00:00:00+00:00,Manchester City FC,Tottenham Hotspur FC,0,2,A,2526
2025-08-23 00:00:00+00:00,AFC Bournemouth,Wolverhampton Wanderers FC,1,0,H,2526
2025-08-23 00:00:00+00:00,Brentford FC,Aston Villa FC,1,0,H,2526
2025-08-24 00:00:00+00:00,Crystal Palace FC,Nottingham Forest FC,1,1,D,2526
2025-08-24 00:00:00+00:00,Everton FC,Brighton & Hove Albion FC,2,0,H,2526
2025-08-24 00:00:00+00:00,Fulham FC,Manchester United FC,1,1,D,2526
2025-08-25 00:00:00+00:00,Newcastle United FC,Liverpool FC,2,3,A,2526
2025-08-30 00:00:00+00:00,Wolverhampton Wanderers FC,Everton FC,2,3,A,2526
2025-08-30 00:00:00+00:00,Leeds United FC,Newcastle United FC,0,0,D,2526
2025-08-30 00:00:00+00:00,Tottenham Hotspur FC,AFC Bournemouth,0,1,A,2526
2025-08-30 00:00:00+00:00,Chelsea FC,Fulham FC,2,0,H,2526
2025-08-30 00:00:00+00:00,Manchester United FC,Burnley FC,3,2,H,2526
2025-08-30 00:00:00+00:00,Sunderland AFC,Brentford FC,2,1,H,2526
2025-08-31 00:00:00+00:00,Brighton & Hove Albion FC,Manchester City FC,2,1,H,2526
2025-08-31 00:00:00+00:00,Nottingham Forest FC,West Ham United FC,0,3,A,2526
2025-08-31 00:00:00+00:00,Liverpool FC,Arsenal FC,1,0,H,2526
2025-08-31 00:00:00+00:00,Aston Villa FC,Crystal Palace FC,0,3,A,2526
2025-09-13 00:00:00+00:00,Brentford FC,Chelsea FC,2,2,D,2526
2025-09-13 00:00:00+00:00,West Ham United FC,Tottenham Hotspur FC,0,3,A,2526
2025-09-13 00:00:00+00:00,Newcastle United FC,Wolverhampton Wanderers FC,1,0,H,2526
2025-09-13 00:00:00+00:00,Fulham FC,Leeds United FC,1,0,H,2526
2025-09-13 00:00:00+00:00,Crystal Palace FC,Sunderland AFC,0,0,D,2526
2025-09-13 00:00:00+00:00,AFC Bournemouth,Brighton & Hove Albion FC,2,1,H,2526
2025-09-13 00:00:00+00:00,Arsenal FC,Nottingham Forest FC,3,0,H,2526
2025-09-13 00:00:00+00:00,Everton FC,Aston Villa FC,0,0,D,2526
2025-09-14 00:00:00+00:00,Burnley FC,Liverpool FC,0,1,A,2526
2025-09-14 00:00:00+00:00,Manchester City FC,Manchester United FC,3,0,H,2526
2025-09-20 00:00:00+00:00,Wolverhampton Wanderers FC,Leeds United FC,1,3,A,2526
2025-09-20 00:00:00+00:00,West Ham United FC,Crystal Palace FC,1,2,A,2526
2025-09-20 00:00:00+00:00,Fulham FC,Brentford FC,3,1,H,2526
2025-09-20 00:00:00+00:00,Brighton & Hove Albion FC,Tottenham Hotspur FC,2,2,D,2526
2025-09-20 00:00:00+00:00,Burnley FC,Nottingham Forest FC,1,1,D,2526
2025-09-20 00:00:00+00:00,Manchester United FC,Chelsea FC,2,1,H,2526
2025-09-20 00:00:00+00:00,Liverpool FC,Everton FC,2,1,H,2526
2025-09-21 00:00:00+00:00,AFC Bournemouth,Newcastle United FC,0,0,D,2526
2025-09-21 00:00:00+00:00,Sunderland AFC,Aston Villa FC,1,1,D,2526
2025-09-21 00:00:00+00:00,Arsenal FC,Manchester City FC,1,1,D,2526
2025-09-27 00:00:00+00:00,Nottingham Forest FC,Sunderland AFC,0,1,A,2526
2025-09-27 00:00:00+00:00,Manchester City FC,Burnley FC,5,1,H,2526
2025-09-27 00:00:00+00:00,Leeds United FC,AFC Bournemouth,2,2,D,2526
2025-09-27 00:00:00+00:00,Tottenham Hotspur FC,Wolverhampton Wanderers FC,1,1,D,2526
2025-09-27 00:00:00+00:00,Chelsea FC,Brighton & Hove Albion FC,1,3,A,2526
2025-09-27 00:00:00+00:00,Brentford FC,Manchester United FC,3,1,H,2526
2025-09-27 00:00:00+00:00,Crystal Palace FC,Liverpool FC,2,1,H,2526
2025-09-28 00:00:00+00:00,Aston Villa FC,Fulham FC,3,1,H,2526
2025-09-28 00:00:00+00:00,Newcastle United FC,Arsenal FC,1,2,A,2526
2025-09-29 00:00:00+00:00,Everton FC,West Ham United FC,1,1,D,2526
2025-10-03 00:00:00+00:00,AFC Bournemouth,Fulham FC,3,1,H,2526
2025-10-04 00:00:00+00:00,Leeds United FC,Tottenham Hotspur FC,1,2,A,2526
2025-10-04 00:00:00+00:00,Arsenal FC,West Ham United FC,2,0,H,2526
2025-10-04 00:00:00+00:00,Manchester United FC,Sunderland AFC,2,0,H,2526
2025-10-04 00:00:00+00:00,Chelsea FC,Liverpool FC,2,1,H,2526
2025-10-05 00:00:00+00:00,Wolverhampton Wanderers FC,Brighton & Hove Albion FC,1,1,D,2526
2025-10-05 00:00:00+00:00,Brentford FC,Manchester City FC,0,1,A,2526
2025-10-05 00:00:00+00:00,Newcastle United FC,Nottingham Forest FC,2,0,H,2526
2025-10-05 00:00:00+00:00,Aston Villa FC,Burnley FC,2,1,H,2526
2025-10-05 00:00:00+00:00,Everton FC,Crystal Palace FC,2,1,H,2526
2025-10-18 00:00:00+00:00,Nottingham Forest FC,Chelsea FC,0,3,A,2526
2025-10-18 00:00:00+00:00,Brighton & Hove Albion FC,Newcastle United FC,2,1,H,2526
2025-10-18 00:00:00+00:00,Burnley FC,Leeds United FC,2,0,H,2526
2025-10-18 00:00:00+00:00,Crystal Palace FC,AFC Bournemouth,3,3,D,2526
2025-10-18 00:00:00+00:00,Manchester City FC,Everton FC,2,0,H,2526
2025-10-18 00:00:00+00:00,Sunderland AFC,Wolverhampton Wanderers FC,2,0,H,2526
2025-10-18 00:00:00+00:00,Fulham FC,Arsenal FC,0,1,A,2526
2025-10-19 00:00:00+00:00,Tottenham Hotspur FC,Aston Villa FC,1,2,A,2526
2025-10-19 00:00:00+00:00,Liverpool FC,Manchester United FC,1,2,A,2526
2025-10-20 00:00:00+00:00,West Ham United FC,Brentford FC,0,2,A,2526
2025-10-24 00:00:00+00:00,Leeds United FC,West Ham United FC,2,1,H,2526
2025-10-25 00:00:00+00:00,Chelsea FC,Sunderland AFC,1,2,A,2526
2025-10-25 00:00:00+00:00,Newcastle United FC,Fulham FC,2,1,H,2526
2025-10-25 00:00:00+00:00,Manchester United FC,Brighton & Hove Albion FC,4,2,H,2526
2025-10-25 00:00:00+00:00,Brentford FC,Liverpool FC,3,2,H,2526
2025-10-26 00:00:00+00:00,Arsenal FC,Crystal Palace FC,1,0,H,2526
2025-10-26 00:00:00+00:00,Aston Villa FC,Manchester City FC,1,0,H,2526
2025-10-26 00:00:00+00:00,AFC Bournemouth,Nottingham Forest FC,2,0,H,2526
2025-10-26 00:00:00+00:00,Wolverhampton Wanderers FC,Burnley FC,2,3,A,2526
2025-10-26 00:00:00+00:00,Everton FC,Tottenham Hotspur FC,0,3,A,2526
2025-11-01 00:00:00+00:00,Tottenham Hotspur FC,Chelsea FC,0,1,A,2526
2025-11-01 00:00:00+00:00,Nottingham Forest FC,Manchester United FC,2,2,D,2526
2025-11-01 00:00:00+00:00,Liverpool FC,Aston Villa FC,2,0,H,2526
2025-11-01 00:00:00+00:00,Crystal Palace FC,Brentford FC,2,0,H,2526
2025-11-01 00:00:00+00:00,Burnley FC,Arsenal FC,0,2,A,2526
2025-11-01 00:00:00+00:00,Brighton & Hove Albion FC,Leeds United FC,3,0,H,2526
2025-11-01 00:00:00+00:00,Fulham FC,Wolverhampton Wanderers FC,3,0,H,2526
2025-11-02 00:00:00+00:00,West Ham United FC,Newcastle United FC,3,1,H,2526
2025-11-02 00:00:00+00:00,Manchester City FC,AFC Bournemouth,3,1,H,2526
2025-11-03 00:00:00+00:00,Sunderland AFC,Everton FC,1,1,D,2526
2025-11-08 00:00:00+00:00,Tottenham Hotspur FC,Manchester United FC,2,2,D,2526
2025-11-08 00:00:00+00:00,Everton FC,Fulham FC,2,0,H,2526
2025-11-08 00:00:00+00:00,West Ham United FC,Burnley FC,3,2,H,2526
2025-11-08 00:00:00+00:00,Sunderland AFC,Arsenal FC,2,2,D,2526
2025-11-08 00:00:00+00:00,Chelsea FC,Wolverhampton Wanderers FC,3,0,H,2526
2025-11-09 00:00:00+00:00,Manchester City FC,Liverpool FC,3,0,H,2526
2025-11-09 00:00:00+00:00,Nottingham Forest FC,Leeds United FC,3,1,H,2526
2025-11-09 00:00:00+00:00,Aston Villa FC,AFC Bournemouth,4,0,H,2526
2025-11-09 00:00:00+00:00,Brentford FC,Newcastle United FC,3,1,H,2526
2025-11-09 00:00:00+00:00,Crystal Palace FC,Brighton & Hove Albion FC,0,0,D,2526
2025-11-22 00:00:00+00:00,Wolverhampton Wanderers FC,Crystal Palace FC,0,2,A,2526
2025-11-22 00:00:00+00:00,Burnley FC,Chelsea FC,0,2,A,2526
2025-11-22 00:00:00+00:00,AFC Bournemouth,West Ham United FC,2,2,D,2526
2025-11-22 00:00:00+00:00,Brighton & Hove Albion FC,Brentford FC,2,1,H,2526
2025-11-22 00:00:00+00:00,Fulham FC,Sunderland AFC,1,0,H,2526
2025-11-22 00:00:00+00:00,Liverpool FC,Nottingham Forest FC,0,3,A,2526
2025-11-22 00:00:00+00:00,Newcastle United FC,Manchester City FC,2,1,H,2526
2025-11-23 00:00:00+00:00,Arsenal FC,Tottenham Hotspur FC,4,1,H,2526
2025-11-23 00:00:00+00:00,Leeds United FC,Aston Villa FC,1,2,A,2526
2025-11-24 00:00:00+00:00,Manchester United FC,Everton FC,0,1,A,2526
2025-11-29 00:00:00+00:00,Brentford FC,Burnley FC,3,1,H,2526
2025-11-29 00:00:00+00:00,Manchester City FC,Leeds United FC,3,2,H,2526
2025-11-29 00:00:00+00:00,Sunderland AFC,AFC Bournemouth,3,2,H,2526
2025-11-29 00:00:00+00:00,Everton FC,Newcastle United FC,1,4,A,2526
2025-11-29 00:00:00+00:00,Tottenham Hotspur FC,Fulham FC,1,2,A,2526
2025-11-30 00:00:00+00:00,West Ham United FC,Liverpool FC,0,2,A,2526
2025-11-30 00:00:00+00:00,Crystal Palace FC,Manchester United FC,1,2,A,2526
2025-11-30 00:00:00+00:00,Aston Villa FC,Wolverhampton Wanderers FC,1,0,H,2526
2025-11-30 00:00:00+00:00,Nottingham Forest FC,Brighton & Hove Albion FC,0,2,A,2526
2025-11-30 00:00:00+00:00,Chelsea FC,Arsenal FC,1,1,D,2526
2025-12-02 00:00:00+00:00,Newcastle United FC,Tottenham Hotspur FC,2,2,D,2526
2025-12-02 00:00:00+00:00,AFC Bournemouth,Everton FC,0,1,A,2526
2025-12-02 00:00:00+00:00,Fulham FC,Manchester City FC,4,5,A,2526
2025-12-03 00:00:00+00:00,Liverpool FC,Sunderland AFC,1,1,D,2526
2025-12-03 00:00:00+00:00,Arsenal FC,Brentford FC,2,0,H,2526
2025-12-03 00:00:00+00:00,Brighton & Hove Albion FC,Aston Villa FC,3,4,A,2526
2025-12-03 00:00:00+00:00,Burnley FC,Crystal Palace FC,0,1,A,2526
2025-12-03 00:00:00+00:00,Wolverhampton Wanderers FC,Nottingham Forest FC,0,1,A,2526
2025-12-03 00:00:00+00:00,Leeds United FC,Chelsea FC,3,1,H,2526
2025-12-04 00:00:00+00:00,Manchester United FC,West Ham United FC,1,1,D,2526
2025-12-06 00:00:00+00:00,Tottenham Hotspur FC,Brentford FC,2,0,H,2526
2025-12-06 00:00:00+00:00,Leeds United FC,Liverpool FC,3,3,D,2526
2025-12-06 00:00:00+00:00,Newcastle United FC,Burnley FC,2,1,H,2526
2025-12-06 00:00:00+00:00,Aston Villa FC,Arsenal FC,2,1,H,2526
2025-12-06 00:00:00+00:00,Everton FC,Nottingham Forest FC,3,0,H,2526
2025-12-06 00:00:00+00:00,AFC Bournemouth,Chelsea FC,0,0,D,2526
2025-12-06 00:00:00+00:00,Manchester City FC,Sunderland AFC,3,0,H,2526
2025-12-07 00:00:00+00:00,Brighton & Hove Albion FC,West Ham United FC,1,1,D,2526
2025-12-07 00:00:00+00:00,Fulham FC,Crystal Palace FC,1,2,A,2526
2025-12-08 00:00:00+00:00,Wolverhampton Wanderers FC,Manchester United FC,1,4,A,2526
2025-12-13 00:00:00+00:00,Burnley FC,Fulham FC,2,3,A,2526
2025-12-13 00:00:00+00:00,Arsenal FC,Wolverhampton Wanderers FC,2,1,H,2526
2025-12-13 00:00:00+00:00,Chelsea FC,Everton FC,2,0,H,2526
2025-12-13 00:00:00+00:00,Liverpool FC,Brighton & Hove Albion FC,2,0,H,2526
2025-12-14 00:00:00+00:00,Crystal Palace FC,Manchester City FC,0,3,A,2526
2025-12-14 00:00:00+00:00,Nottingham Forest FC,Tottenham Hotspur FC,3,0,H,2526
2025-12-14 00:00:00+00:00,Sunderland AFC,Newcastle United FC,1,0,H,2526
2025-12-14 00:00:00+00:00,West Ham United FC,Aston Villa FC,2,3,A,2526
2025-12-14 00:00:00+00:00,Brentford FC,Leeds United FC,1,1,D,2526
2025-12-15 00:00:00+00:00,Manchester United FC,AFC Bournemouth,4,4,D,2526
2025-12-20 00:00:00+00:00,Leeds United FC,Crystal Palace FC,4,1,H,2526
2025-12-20 00:00:00+00:00,Everton FC,Arsenal FC,0,1,A,2526
2025-12-20 00:00:00+00:00,Wolverhampton Wanderers FC,Brentford FC,0,2,A,2526
2025-12-20 00:00:00+00:00,Tottenham Hotspur FC,Liverpool FC,1,2,A,2526
2025-12-20 00:00:00+00:00,Brighton & Hove Albion FC,Sunderland AFC,0,0,D,2526
2025-12-20 00:00:00+00:00,AFC Bournemouth,Burnley FC,1,1,D,2526
2025-12-20 00:00:00+00:00,Newcastle United FC,Chelsea FC,2,2,D,2526
2025-12-20 00:00:00+00:00,Manchester City FC,West Ham United FC,3,0,H,2526
2025-12-21 00:00:00+00:00,Aston Villa FC,Manchester United FC,2,1,H,2526
2025-12-22 00:00:00+00:00,Fulham FC,Nottingham Forest FC,1,0,H,2526
2025-12-26 00:00:00+00:00,Manchester United FC,Newcastle United FC,1,0,H,2526
2025-12-27 00:00:00+00:00,Chelsea FC,Aston Villa FC,1,2,A,2526
2025-12-27 00:00:00+00:00,West Ham United FC,Fulham FC,0,1,A,2526
2025-12-27 00:00:00+00:00,Burnley FC,Everton FC,0,0,D,2526
2025-12-27 00:00:00+00:00,Liverpool FC,Wolverhampton Wanderers FC,2,1,H,2526
2025-12-27 00:00:00+00:00,Arsenal FC,Brighton & Hove Albion FC,2,1,H,2526
2025-12-27 00:00:00+00:00,Nottingham Forest FC,Manchester City FC,1,2,A,2526
2025-12-27 00:00:00+00:00,Brentford FC,AFC Bournemouth,4,1,H,2526
2025-12-28 00:00:00+00:00,Sunderland AFC,Leeds United FC,1,1,D,2526
2025-12-28 00:00:00+00:00,Crystal Palace FC,Tottenham Hotspur FC,0,1,A,2526
2025-12-30 00:00:00+00:00,Burnley FC,Newcastle United FC,1,3,A,2526
2025-12-30 00:00:00+00:00,Chelsea FC,AFC Bournemouth,2,2,D,2526
2025-12-30 00:00:00+00:00,Nottingham Forest FC,Everton FC,0,2,A,2526
2025-12-30 00:00:00+00:00,West Ham United FC,Brighton & Hove Albion FC,2,2,D,2526
2025-12-30 00:00:00+00:00,Arsenal FC,Aston Villa FC,4,1,H,2526
2025-12-30 00:00:00+00:00,Manchester United FC,Wolverhampton Wanderers FC,1,1,D,2526
2026-01-01 00:00:00+00:00,Sunderland AFC,Manchester City FC,0,0,D,2526
2026-01-01 00:00:00+00:00,Brentford FC,Tottenham Hotspur FC,0,0,D,2526
2026-01-01 00:00:00+00:00,Liverpool FC,Leeds United FC,0,0,D,2526
2026-01-01 00:00:00+00:00,Crystal Palace FC,Fulham FC,1,1,D,2526
2026-01-03 00:00:00+00:00,Aston Villa FC,Nottingham Forest FC,3,1,H,2526
2026-01-03 00:00:00+00:00,Brighton & Hove Albion FC,Burnley FC,2,0,H,2526
2026-01-03 00:00:00+00:00,Wolverhampton Wanderers FC,West Ham United FC,3,0,H,2526
2026-01-03 00:00:00+00:00,AFC Bournemouth,Arsenal FC,2,3,A,2526
2026-01-04 00:00:00+00:00,Manchester City FC,Chelsea FC,1,1,D,2526
2026-01-04 00:00:00+00:00,Leeds United FC,Manchester United FC,1,1,D,2526
2026-01-04 00:00:00+00:00,Everton FC,Brentford FC,2,4,A,2526
2026-01-04 00:00:00+00:00,Newcastle United FC,Crystal Palace FC,2,0,H,2526
2026-01-04 00:00:00+00:00,Tottenham Hotspur FC,Sunderland AFC,1,1,D,2526
2026-01-04 00:00:00+00:00,Fulham FC,Liverpool FC,2,2,D,2526
2026-01-06 00:00:00+00:00,West Ham United FC,Nottingham Forest FC,1,2,A,2526
2026-01-07 00:00:00+00:00,Newcastle United FC,Leeds United FC,4,3,H,2526
2026-01-07 00:00:00+00:00,Burnley FC,Manchester United FC,2,2,D,2526
2026-01-07 00:00:00+00:00,Manchester City FC,Brighton & Hove Albion FC,1,1,D,2526
2026-01-07 00:00:00+00:00,Fulham FC,Chelsea FC,2,1,H,2526
2026-01-07 00:00:00+00:00,AFC Bournemouth,Tottenham Hotspur FC,3,2,H,2526
2026-01-07 00:00:00+00:00,Crystal Palace FC,Aston Villa FC,0,0,D,2526
2026-01-07 00:00:00+00:00,Brentford FC,Sunderland AFC,3,0,H,2526
2026-01-07 00:00:00+00:00,Everton FC,Wolverhampton Wanderers FC,1,1,D,2526
2026-01-08 00:00:00+00:00,Arsenal FC,Liverpool FC,0,0,D,2526
2026-01-17 00:00:00+00:00,Tottenham Hotspur FC,West Ham United FC,1,2,A,2526
2026-01-17 00:00:00+00:00,Leeds United FC,Fulham FC,1,0,H,2526
2026-01-17 00:00:00+00:00,Nottingham Forest FC,Arsenal FC,0,0,D,2526
2026-01-17 00:00:00+00:00,Sunderland AFC,Crystal Palace FC,2,1,H,2526
2026-01-17 00:00:00+00:00,Manchester United FC,Manchester City FC,2,0,H,2526
2026-01-17 00:00:00+00:00,Chelsea FC,Brentford FC,2,0,H,2526
2026-01-17 00:00:00+00:00,Liverpool FC,Burnley FC,1,1,D,2526
2026-01-18 00:00:00+00:00,Wolverhampton Wanderers FC,Newcastle United FC,0,0,D,2526
2026-01-18 00:00:00+00:00,Aston Villa FC,Everton FC,0,1,A,2526
2026-01-19 00:00:00+00:00,Brighton & Hove Albion FC,AFC Bournemouth,1,1,D,2526
2026-01-24 00:00:00+00:00,AFC Bournemouth,Liverpool FC,3,2,H,2526
2026-01-24 00:00:00+00:00,Fulham FC,Brighton & Hove Albion FC,2,1,H,2526
2026-01-24 00:00:00+00:00,Manchester City FC,Wolverhampton Wanderers FC,2,0,H,2526
2026-01-24 00:00:00+00:00,West Ham United FC,Sunderland AFC,3,1,H,2526
2026-01-24 00:00:00+00:00,Burnley FC,Tottenham Hotspur FC,2,2,D,2526
2026-01-25 00:00:00+00:00,Brentford FC,Nottingham Forest FC,0,2,A,2526
2026-01-25 00:00:00+00:00,Crystal Palace FC,Chelsea FC,1,3,A,2526
2026-01-25 00:00:00+00:00,Newcastle United FC,Aston Villa FC,0,2,A,2526
2026-01-25 00:00:00+00:00,Arsenal FC,Manchester United FC,2,3,A,2526
2026-01-26 00:00:00+00:00,Everton FC,Leeds United FC,1,1,D,2526
2026-01-31 00:00:00+00:00,Chelsea FC,West Ham United FC,3,2,H,2526
2026-01-31 00:00:00+00:00,Wolverhampton Wanderers FC,AFC Bournemouth,0,2,A,2526
2026-01-31 00:00:00+00:00,Liverpool FC,Newcastle United FC,4,1,H,2526
2026-01-31 00:00:00+00:00,Brighton & Hove Albion FC,Everton FC,1,1,D,2526
2026-01-31 00:00:00+00:00,Leeds United FC,Arsenal FC,0,4,A,2526
2026-02-01 00:00:00+00:00,Tottenham Hotspur FC,Manchester City FC,2,2,D,2526
2026-02-01 00:00:00+00:00,Nottingham Forest FC,Crystal Palace FC,1,1,D,2526
2026-02-01 00:00:00+00:00,Aston Villa FC,Brentford FC,0,1,A,2526
2026-02-01 00:00:00+00:00,Manchester United FC,Fulham FC,3,2,H,2526
2026-02-02 00:00:00+00:00,Sunderland AFC,Burnley FC,3,0,H,2526
2026-02-06 00:00:00+00:00,Leeds United FC,Nottingham Forest FC,3,1,H,2526
2026-02-07 00:00:00+00:00,Wolverhampton Wanderers FC,Chelsea FC,1,3,A,2526
2026-02-07 00:00:00+00:00,Manchester United FC,Tottenham Hotspur FC,2,0,H,2526
2026-02-07 00:00:00+00:00,Arsenal FC,Sunderland AFC,3,0,H,2526
2026-02-07 00:00:00+00:00,AFC Bournemouth,Aston Villa FC,1,1,D,2526
2026-02-07 00:00:00+00:00,Burnley FC,West Ham United FC,0,2,A,2526
2026-02-07 00:00:00+00:00,Fulham FC,Everton FC,1,2,A,2526
2026-02-07 00:00:00+00:00,Newcastle United FC,Brentford FC,2,3,A,2526
2026-02-08 00:00:00+00:00,Liverpool FC,Manchester City FC,1,2,A,2526
2026-02-08 00:00:00+00:00,Brighton & Hove Albion FC,Crystal Palace FC,0,1,A,2526
2026-02-10 00:00:00+00:00,Chelsea FC,Leeds United FC,2,2,D,2526
2026-02-10 00:00:00+00:00,Everton FC,AFC Bournemouth,1,2,A,2526
2026-02-10 00:00:00+00:00,Tottenham Hotspur FC,Newcastle United FC,1,2,A,2526
2026-02-10 00:00:00+00:00,West Ham United FC,Manchester United FC,1,1,D,2526
2026-02-11 00:00:00+00:00,Manchester City FC,Fulham FC,3,0,H,2526
2026-02-11 00:00:00+00:00,Nottingham Forest FC,Wolverhampton Wanderers FC,0,0,D,2526
2026-02-11 00:00:00+00:00,Aston Villa FC,Brighton & Hove Albion FC,1,0,H,2526
2026-02-11 00:00:00+00:00,Crystal Palace FC,Burnley FC,2,3,A,2526
2026-02-11 00:00:00+00:00,Sunderland AFC,Liverpool FC,0,1,A,2526
2026-02-12 00:00:00+00:00,Brentford FC,Arsenal FC,1,1,D,2526
2026-02-18 00:00:00+00:00,Wolverhampton Wanderers FC,Arsenal FC,2,2,D,2526
2026-02-21 00:00:00+00:00,Aston Villa FC,Leeds United FC,1,1,D,2526
2026-02-21 00:00:00+00:00,Brentford FC,Brighton & Hove Albion FC,0,2,A,2526
2026-02-21 00:00:00+00:00,Chelsea FC,Burnley FC,1,1,D,2526
2026-02-21 00:00:00+00:00,West Ham United FC,AFC Bournemouth,0,0,D,2526
2026-02-21 00:00:00+00:00,Manchester City FC,Newcastle United FC,2,1,H,2526
2026-02-22 00:00:00+00:00,Tottenham Hotspur FC,Arsenal FC,1,4,A,2526
2026-02-22 00:00:00+00:00,Sunderland AFC,Fulham FC,1,3,A,2526
2026-02-22 00:00:00+00:00,Crystal Palace FC,Wolverhampton Wanderers FC,1,0,H,2526
2026-02-22 00:00:00+00:00,Nottingham Forest FC,Liverpool FC,0,1,A,2526
2026-02-23 00:00:00+00:00,Everton FC,Manchester United FC,0,1,A,2526
2026-02-27 00:00:00+00:00,Wolverhampton Wanderers FC,Aston Villa FC,2,0,H,2526
2026-02-28 00:00:00+00:00,Leeds United FC,Manchester City FC,0,1,A,2526
2026-02-28 00:00:00+00:00,AFC Bournemouth,Sunderland AFC,1,1,D,2526
2026-02-28 00:00:00+00:00,Burnley FC,Brentford FC,3,4,A,2526
2026-02-28 00:00:00+00:00,Liverpool FC,West Ham United FC,5,2,H,2526
2026-02-28 00:00:00+00:00,Newcastle United FC,Everton FC,2,3,A,2526
2026-03-01 00:00:00+00:00,Fulham FC,Tottenham Hotspur FC,2,1,H,2526
2026-03-01 00:00:00+00:00,Manchester United FC,Crystal Palace FC,2,1,H,2526
2026-03-01 00:00:00+00:00,Brighton & Hove Albion FC,Nottingham Forest FC,2,1,H,2526
2026-03-01 00:00:00+00:00,Arsenal FC,Chelsea FC,2,1,H,2526
2026-03-03 00:00:00+00:00,Wolverhampton Wanderers FC,Liverpool FC,2,1,H,2526
2026-03-03 00:00:00+00:00,Leeds United FC,Sunderland AFC,0,1,A,2526
2026-03-03 00:00:00+00:00,AFC Bournemouth,Brentford FC,0,0,D,2526
2026-03-03 00:00:00+00:00,Everton FC,Burnley FC,2,0,H,2526
2026-03-04 00:00:00+00:00,Aston Villa FC,Chelsea FC,1,4,A,2526
2026-03-04 00:00:00+00:00,Brighton & Hove Albion FC,Arsenal FC,0,1,A,2526
2026-03-04 00:00:00+00:00,Fulham FC,West Ham United FC,0,1,A,2526
2026-03-04 00:00:00+00:00,Manchester City FC,Nottingham Forest FC,2,2,D,2526
2026-03-04 00:00:00+00:00,Newcastle United FC,Manchester United FC,2,1,H,2526
2026-03-05 00:00:00+00:00,Tottenham Hotspur FC,Crystal Palace FC,1,3,A,2526
2026-03-14 00:00:00+00:00,West Ham United FC,Manchester City FC,1,1,D,2526
2026-03-14 00:00:00+00:00,Chelsea FC,Newcastle United FC,0,1,A,2526
2026-03-14 00:00:00+00:00,Arsenal FC,Everton FC,2,0,H,2526
2026-03-14 00:00:00+00:00,Sunderland AFC,Brighton & Hove Albion FC,0,1,A,2526
2026-03-14 00:00:00+00:00,Burnley FC,AFC Bournemouth,0,0,D,2526
2026-03-15 00:00:00+00:00,Crystal Palace FC,Leeds United FC,0,0,D,2526
2026-03-15 00:00:00+00:00,Manchester United FC,Aston Villa FC,3,1,H,2526
2026-03-15 00:00:00+00:00,Nottingham Forest FC,Fulham FC,0,0,D,2526
2026-03-15 00:00:00+00:00,Liverpool FC,Tottenham Hotspur FC,1,1,D,2526
2026-03-16 00:00:00+00:00,Brentford FC,Wolverhampton Wanderers FC,2,2,D,2526
2026-03-20 00:00:00+00:00,AFC Bournemouth,Manchester United FC,2,2,D,2526
2026-03-21 00:00:00+00:00,Everton FC,Chelsea FC,3,0,H,2526
2026-03-21 00:00:00+00:00,Leeds United FC,Brentford FC,0,0,D,2526
2026-03-21 00:00:00+00:00,Brighton & Hove Albion FC,Liverpool FC,2,1,H,2526
2026-03-21 00:00:00+00:00,Fulham FC,Burnley FC,3,1,H,2526
2026-03-22 00:00:00+00:00,Newcastle United FC,Sunderland AFC,1,2,A,2526
2026-03-22 00:00:00+00:00,Aston Villa FC,West Ham United FC,2,0,H,2526
2026-03-22 00:00:00+00:00,Tottenham Hotspur FC,Nottingham Forest FC,0,3,A,2526
2026-04-10 00:00:00+00:00,West Ham United FC,Wolverhampton Wanderers FC,4,0,H,2526
2026-04-11 00:00:00+00:00,Arsenal FC,AFC Bournemouth,1,2,A,2526
2026-04-11 00:00:00+00:00,Brentford FC,Everton FC,2,2,D,2526
2026-04-11 00:00:00+00:00,Burnley FC,Brighton & Hove Albion FC,0,2,A,2526
2026-04-11 00:00:00+00:00,Liverpool FC,Fulham FC,2,0,H,2526
2026-04-12 00:00:00+00:00,Chelsea FC,Manchester City FC,0,3,A,2526
2026-04-12 00:00:00+00:00,Sunderland AFC,Tottenham Hotspur FC,1,0,H,2526
2026-04-12 00:00:00+00:00,Nottingham Forest FC,Aston Villa FC,1,1,D,2526
2026-04-12 00:00:00+00:00,Crystal Palace FC,Newcastle United FC,2,1,H,2526
2026-04-13 00:00:00+00:00,Manchester United FC,Leeds United FC,1,2,A,2526
2026-04-18 00:00:00+00:00,Brentford FC,Fulham FC,0,0,D,2526
2026-04-18 00:00:00+00:00,Leeds United FC,Wolverhampton Wanderers FC,3,0,H,2526
2026-04-18 00:00:00+00:00,Newcastle United FC,AFC Bournemouth,1,2,A,2526
2026-04-18 00:00:00+00:00,Tottenham Hotspur FC,Brighton & Hove Albion FC,2,2,D,2526
2026-04-18 00:00:00+00:00,Chelsea FC,Manchester United FC,0,1,A,2526
2026-04-19 00:00:00+00:00,Nottingham Forest FC,Burnley FC,4,1,H,2526
2026-04-19 00:00:00+00:00,Aston Villa FC,Sunderland AFC,4,3,H,2526
2026-04-19 00:00:00+00:00,Everton FC,Liverpool FC,1,2,A,2526
2026-04-19 00:00:00+00:00,Manchester City FC,Arsenal FC,2,1,H,2526
2026-04-20 00:00:00+00:00,Crystal Palace FC,West Ham United FC,0,0,D,2526
2026-04-21 00:00:00+00:00,Brighton & Hove Albion FC,Chelsea FC,3,0,H,2526
2026-04-22 00:00:00+00:00,AFC Bournemouth,Leeds United FC,2,2,D,2526
2026-04-22 00:00:00+00:00,Burnley FC,Manchester City FC,0,1,A,2526
2026-04-24 00:00:00+00:00,Sunderland AFC,Nottingham Forest FC,0,5,A,2526
2026-04-25 00:00:00+00:00,Fulham FC,Aston Villa FC,1,0,H,2526
2026-04-25 00:00:00+00:00,Liverpool FC,Crystal Palace FC,3,1,H,2526
2026-04-25 00:00:00+00:00,West Ham United FC,Everton FC,2,1,H,2526
2026-04-25 00:00:00+00:00,Wolverhampton Wanderers FC,Tottenham Hotspur FC,0,1,A,2526
2026-04-25 00:00:00+00:00,Arsenal FC,Newcastle United FC,1,0,H,2526
2026-04-27 00:00:00+00:00,Manchester United FC,Brentford FC,2,1,H,2526
2026-05-01 00:00:00+00:00,Leeds United FC,Burnley FC,3,1,H,2526
2026-05-02 00:00:00+00:00,Brentford FC,West Ham United FC,3,0,H,2526
2026-05-02 00:00:00+00:00,Newcastle United FC,Brighton & Hove Albion FC,3,1,H,2526
2026-05-02 00:00:00+00:00,Wolverhampton Wanderers FC,Sunderland AFC,1,1,D,2526
2026-05-02 00:00:00+00:00,Arsenal FC,Fulham FC,3,0,H,2526
2026-05-03 00:00:00+00:00,AFC Bournemouth,Crystal Palace FC,3,0,H,2526
2026-05-03 00:00:00+00:00,Manchester United FC,Liverpool FC,3,2,H,2526
2026-05-03 00:00:00+00:00,Aston Villa FC,Tottenham Hotspur FC,1,2,A,2526
2026-05-04 00:00:00+00:00,Chelsea FC,Nottingham Forest FC,1,3,A,2526
2026-05-04 00:00:00+00:00,Everton FC,Manchester City FC,3,3,D,2526
2026-05-09 00:00:00+00:00,Manchester City FC,Brentford FC,3,0,H,2526
2026-05-09 00:00:00+00:00,Sunderland AFC,Manchester United FC,0,0,D,2526
2026-05-09 00:00:00+00:00,Liverpool FC,Chelsea FC,1,1,D,2526
2026-05-09 00:00:00+00:00,Brighton & Hove Albion FC,Wolverhampton Wanderers FC,3,0,H,2526
2026-05-09 00:00:00+00:00,Fulham FC,AFC Bournemouth,0,1,A,2526
2026-05-10 00:00:00+00:00,Burnley FC,Aston Villa FC,2,2,D,2526
2026-05-10 00:00:00+00:00,Crystal Palace FC,Everton FC,2,2,D,2526
2026-05-10 00:00:00+00:00,Nottingham Forest FC,Newcastle United FC,1,1,D,2526
2026-05-10 00:00:00+00:00,West Ham United FC,Arsenal FC,0,1,A,2526
2026-05-11 00:00:00+00:00,Tottenham Hotspur FC,Leeds United FC,1,1,D,2526
2026-05-13 00:00:00+00:00,Manchester City FC,Crystal Palace FC,3,0,H,2526
2026-05-15 00:00:00+00:00,Aston Villa FC,Liverpool FC,4,2,H,2526
2026-05-17 00:00:00+00:00,Newcastle United FC,West Ham United FC,3,1,H,2526
2026-05-17 00:00:00+00:00,Wolverhampton Wanderers FC,Fulham FC,1,1,D,2526
2026-05-17 00:00:00+00:00,Leeds United FC,Brighton & Hove Albion FC,1,0,H,2526
2026-05-17 00:00:00+00:00,Manchester United FC,Nottingham Forest FC,3,2,H,2526
2026-05-17 00:00:00+00:00,Brentford FC,Crystal Palace FC,2,2,D,2526
2026-05-17 00:00:00+00:00,Everton FC,Sunderland AFC,1,3,A,2526
2026-05-18 00:00:00+00:00,Arsenal FC,Burnley FC,1,0,H,2526
2026-05-19 00:00:00+00:00,Chelsea FC,Tottenham Hotspur FC,2,1,H,2526
2026-05-19 00:00:00+00:00,AFC Bournemouth,Manchester City FC,1,1,D,2526
2026-05-24 00:00:00+00:00,Nottingham Forest FC,AFC Bournemouth,1,1,D,2526
2026-05-24 00:00:00+00:00,Manchester City FC,Aston Villa FC,1,2,A,2526
2026-05-24 00:00:00+00:00,Sunderland AFC,Chelsea FC,2,1,H,2526
2026-05-24 00:00:00+00:00,Liverpool FC,Brentford FC,1,1,D,2526
2026-05-24 00:00:00+00:00,Tottenham Hotspur FC,Everton FC,1,0,H,2526
2026-05-24 00:00:00+00:00,Crystal Palace FC,Arsenal FC,1,2,A,2526
2026-05-24 00:00:00+00:00,Burnley FC,Wolverhampton Wanderers FC,1,1,D,2526
2026-05-24 00:00:00+00:00,Brighton & Hove Albion FC,Manchester United FC,0,3,A,2526
2026-05-24 00:00:00+00:00,Fulham FC,Newcastle United FC,2,0,H,2526
2026-05-24 00:00:00+00:00,West Ham United FC,Leeds United FC,3,0,H,2526
